-- phpMyAdmin SQL Dump
-- version 5.2.0
-- https://www.phpmyadmin.net/
--
-- Host: 127.0.0.1
-- Waktu pembuatan: 06 Jul 2023 pada 11.02
-- Versi server: 10.4.24-MariaDB
-- Versi PHP: 7.4.29

SET SQL_MODE = "NO_AUTO_VALUE_ON_ZERO";
START TRANSACTION;
SET time_zone = "+00:00";


/*!40101 SET @OLD_CHARACTER_SET_CLIENT=@@CHARACTER_SET_CLIENT */;
/*!40101 SET @OLD_CHARACTER_SET_RESULTS=@@CHARACTER_SET_RESULTS */;
/*!40101 SET @OLD_COLLATION_CONNECTION=@@COLLATION_CONNECTION */;
/*!40101 SET NAMES utf8mb4 */;

--
-- Database: `paguyuban_ta`
--

-- --------------------------------------------------------

--
-- Struktur dari tabel `bulan`
--

CREATE TABLE `bulan` (
  `idbulan` tinyint(4) NOT NULL,
  `namabulan` varchar(50) DEFAULT NULL,
  `enbulan` varchar(50) DEFAULT NULL
) ENGINE=InnoDB DEFAULT CHARSET=utf8;

--
-- Dumping data untuk tabel `bulan`
--

INSERT INTO `bulan` (`idbulan`, `namabulan`, `enbulan`) VALUES
(1, 'Januari', 'January'),
(2, 'Februari', 'February'),
(3, 'Maret', 'March'),
(4, 'April', 'April'),
(5, 'Mei', 'May'),
(6, 'Juni', 'June'),
(7, 'Juli', 'July'),
(8, 'Agustus', 'August'),
(9, 'September', 'September'),
(10, 'Oktober', 'October'),
(11, 'November', 'November'),
(12, 'Desember', 'December');

-- --------------------------------------------------------

--
-- Struktur dari tabel `kuitansi`
--

CREATE TABLE `kuitansi` (
  `idkuitansi` varchar(50) NOT NULL,
  `idrumah` varchar(50) DEFAULT NULL,
  `bulan` tinyint(4) DEFAULT NULL,
  `tahun` varchar(50) DEFAULT NULL,
  `idtarif_air` int(11) DEFAULT NULL,
  `tarif_perawatanair` int(11) DEFAULT NULL,
  `tagihan_air` int(11) DEFAULT NULL,
  `idtarif_iuran` int(11) DEFAULT NULL,
  `iuran_sampah` int(11) DEFAULT NULL,
  `iuran_keamanan` int(11) DEFAULT NULL,
  `iuran_kebersihan` int(11) DEFAULT NULL,
  `iuran_rw` int(11) DEFAULT NULL,
  `iuran_kt` int(11) DEFAULT NULL,
  `iuran_mertideso` int(11) DEFAULT NULL,
  `tgl_bayar` datetime DEFAULT NULL,
  `status_bayar` tinyint(4) DEFAULT NULL,
  `total` int(11) DEFAULT NULL,
  `met_ini` int(11) DEFAULT NULL,
  `met_lalu` int(11) DEFAULT NULL
) ENGINE=InnoDB DEFAULT CHARSET=utf8 ROW_FORMAT=DYNAMIC;

-- --------------------------------------------------------

--
-- Struktur dari tabel `meteran`
--

CREATE TABLE `meteran` (
  `idmeteran` int(11) NOT NULL,
  `idrumah` varchar(50) NOT NULL DEFAULT '',
  `bulan` tinyint(4) NOT NULL,
  `tahun` varchar(50) NOT NULL,
  `angkameteran` int(11) DEFAULT 0
) ENGINE=InnoDB DEFAULT CHARSET=utf8;

--
-- Dumping data untuk tabel `meteran`
--

INSERT INTO `meteran` (`idmeteran`, `idrumah`, `bulan`, `tahun`, `angkameteran`) VALUES
(265, 'A.10.11', 1, '2021', 0),
(266, 'A.12.13', 1, '2021', 0),
(267, 'A.14.15', 1, '2021', 0),
(268, 'A.16', 1, '2021', 0),
(269, 'A.17', 1, '2021', 0),
(270, 'A.18', 1, '2021', 0),
(271, 'A.19', 1, '2021', 0),
(272, 'A.2', 1, '2021', 0),
(273, 'A.20', 1, '2021', 0),
(274, 'A.21', 1, '2021', 0),
(275, 'A.23', 1, '2021', 0),
(276, 'A.24', 1, '2021', 0),
(277, 'A.3', 1, '2021', 0),
(278, 'A.4.5', 1, '2021', 0),
(279, 'A.8.9', 1, '2021', 0),
(280, 'B.1', 1, '2021', 0),
(281, 'B.10', 1, '2021', 0),
(282, 'B.11', 1, '2021', 0),
(283, 'B.12', 1, '2021', 0),
(284, 'B.2', 1, '2021', 0),
(285, 'B.3', 1, '2021', 0),
(286, 'B.4', 1, '2021', 0),
(287, 'B.5', 1, '2021', 0),
(288, 'B.6', 1, '2021', 0),
(289, 'B.8', 1, '2021', 0),
(290, 'B.9', 1, '2021', 0),
(291, 'B2.1', 1, '2021', 0),
(292, 'B2.10', 1, '2021', 0),
(293, 'B2.12A', 1, '2021', 0),
(294, 'B2.16', 1, '2021', 0),
(295, 'B2.2', 1, '2021', 0),
(296, 'B2.3', 1, '2021', 0),
(297, 'B2.4', 1, '2021', 0),
(298, 'B2.5', 1, '2021', 0),
(299, 'B2.6', 1, '2021', 0),
(300, 'B2.7', 1, '2021', 0),
(301, 'B2.8', 1, '2021', 0),
(302, 'B2.9', 1, '2021', 0),
(303, 'BA.1', 1, '2021', 0),
(304, 'BA.10', 1, '2021', 0),
(305, 'BA.11', 1, '2021', 0),
(306, 'BA.12A', 1, '2021', 0),
(307, 'BA.12B', 1, '2021', 0),
(308, 'BA.14', 1, '2021', 0),
(309, 'BA.16', 1, '2021', 0),
(310, 'BA.17', 1, '2021', 0),
(311, 'BA.18', 1, '2021', 0),
(312, 'BA.19', 1, '2021', 0),
(313, 'BA.2', 1, '2021', 0),
(314, 'BA.20', 1, '2021', 0),
(315, 'BA.21', 1, '2021', 0),
(316, 'BA.22', 1, '2021', 0),
(317, 'BA.23', 1, '2021', 0),
(318, 'BA.24', 1, '2021', 0),
(319, 'BA.25', 1, '2021', 0),
(320, 'BA.26', 1, '2021', 4571),
(321, 'BA.27', 1, '2021', 7268),
(322, 'BA.28', 1, '2021', 0),
(323, 'BA.29', 1, '2021', 0),
(324, 'BA.30', 1, '2021', 0),
(325, 'BA.31', 1, '2021', 0),
(326, 'BA.32a.36a', 1, '2021', 0),
(327, 'BA.32b', 1, '2021', 0),
(328, 'BA.33A', 1, '2021', 0),
(329, 'BA.33B', 1, '2021', 0),
(330, 'BA.34', 1, '2021', 0),
(331, 'BA.35', 1, '2021', 0),
(332, 'BA.36b', 1, '2021', 0),
(333, 'BA.37A', 1, '2021', 0),
(334, 'BA.37B', 1, '2021', 0),
(335, 'BA.38', 1, '2021', 0),
(336, 'BA.39', 1, '2021', 550),
(337, 'BA.3A', 1, '2021', 0),
(338, 'BA.3b', 1, '2021', 0),
(339, 'BA.40', 1, '2021', 0),
(340, 'BA.41', 1, '2021', 0),
(341, 'BA.42', 1, '2021', 898),
(342, 'BA.43', 1, '2021', 0),
(343, 'BA.44', 1, '2021', 0),
(344, 'BA.45', 1, '2021', 0),
(345, 'BA.46', 1, '2021', 0),
(346, 'BA.47', 1, '2021', 0),
(347, 'BA.48', 1, '2021', 0),
(348, 'BA.49', 1, '2021', 0),
(349, 'BA.5', 1, '2021', 0),
(350, 'BA.50', 1, '2021', 0),
(351, 'BA.51', 1, '2021', 0),
(352, 'BA.52', 1, '2021', 1480),
(353, 'BA.53', 1, '2021', 0),
(354, 'BA.54', 1, '2021', 0),
(355, 'BA.55', 1, '2021', 0),
(356, 'BA.56', 1, '2021', 0),
(357, 'BA.57', 1, '2021', 3130),
(358, 'BA.58', 1, '2021', 0),
(359, 'BA.59', 1, '2021', 0),
(360, 'BA.6', 1, '2021', 0),
(361, 'BA.60', 1, '2021', 0),
(362, 'BA.7', 1, '2021', 0),
(363, 'BA.8', 1, '2021', 0),
(364, 'BA.9', 1, '2021', 0),
(365, 'C.1', 1, '2021', 0),
(366, 'C.10', 1, '2021', 0),
(367, 'C.11', 1, '2021', 0),
(368, 'C.12', 1, '2021', 0),
(369, 'C.12AB', 1, '2021', 0),
(370, 'C.15', 1, '2021', 0),
(371, 'C.16', 1, '2021', 0),
(372, 'C.17', 1, '2021', 0),
(373, 'C.2', 1, '2021', 0),
(374, 'C.3', 1, '2021', 0),
(375, 'C.4', 1, '2021', 0),
(376, 'C.5', 1, '2021', 0),
(377, 'C.6', 1, '2021', 0),
(378, 'C.7', 1, '2021', 0),
(379, 'C.7A', 1, '2021', 0),
(380, 'C.7B', 1, '2021', 0),
(381, 'C.8', 1, '2021', 0),
(382, 'C.9', 1, '2021', 0),
(383, 'D1.10.11', 1, '2021', 0),
(384, 'D1.12', 1, '2021', 0),
(385, 'D1.12A', 1, '2021', 0),
(386, 'D1.14', 1, '2021', 0),
(387, 'D1.15.16', 1, '2021', 0),
(388, 'D1.17', 1, '2021', 0),
(389, 'D1.18', 1, '2021', 0),
(390, 'D1.19', 1, '2021', 0),
(391, 'D1.2', 1, '2021', 0),
(392, 'D1.20', 1, '2021', 0),
(393, 'D1.3', 1, '2021', 0),
(394, 'D1.4', 1, '2021', 0),
(395, 'D1.5', 1, '2021', 0),
(396, 'D1.6', 1, '2021', 0),
(397, 'D1.7', 1, '2021', 0),
(398, 'D1.8', 1, '2021', 0),
(399, 'D1.9', 1, '2021', 0),
(400, 'D2 24 ', 1, '2021', 0),
(401, 'D2.1', 1, '2021', 0),
(402, 'D2.10', 1, '2021', 0),
(403, 'D2.11', 1, '2021', 0),
(404, 'D2.12', 1, '2021', 0),
(405, 'D2.12A', 1, '2021', 0),
(406, 'D2.14', 1, '2021', 0),
(407, 'D2.15', 1, '2021', 1152),
(408, 'D2.16', 1, '2021', 0),
(409, 'D2.17', 1, '2021', 0),
(410, 'D2.18', 1, '2021', 0),
(411, 'D2.19', 1, '2021', 0),
(412, 'D2.2', 1, '2021', 0),
(413, 'D2.20', 1, '2021', 0),
(414, 'D2.21.22', 1, '2021', 0),
(415, 'D2.23', 1, '2021', 0),
(416, 'D2.27', 1, '2021', 0),
(417, 'D2.28', 1, '2021', 1980),
(418, 'D2.29', 1, '2021', 0),
(419, 'D2.30', 1, '2021', 0),
(420, 'D2.31', 1, '2021', 0),
(421, 'D2.32', 1, '2021', 0),
(422, 'D2.3A', 1, '2021', 0),
(423, 'D2.3B', 1, '2021', 0),
(424, 'D2.5', 1, '2021', 0),
(425, 'D2.6', 1, '2021', 0),
(426, 'D2.9', 1, '2021', 0),
(427, 'D3.1', 1, '2021', 0),
(428, 'D3.10', 1, '2021', 0),
(429, 'D3.11', 1, '2021', 0),
(430, 'D3.12A', 1, '2021', 0),
(431, 'D3.12B', 1, '2021', 0),
(432, 'D3.14', 1, '2021', 0),
(433, 'D3.15', 1, '2021', 0),
(434, 'D3.16', 1, '2021', 0),
(435, 'D3.17', 1, '2021', 0),
(436, 'D3.18', 1, '2021', 0),
(437, 'D3.19', 1, '2021', 0),
(438, 'D3.2', 1, '2021', 0),
(439, 'D3.20', 1, '2021', 0),
(440, 'D3.21', 1, '2021', 2375),
(441, 'D3.22', 1, '2021', 0),
(442, 'D3.23', 1, '2021', 0),
(443, 'D3.24', 1, '2021', 0),
(444, 'D3.25', 1, '2021', 0),
(445, 'D3.26', 1, '2021', 0),
(446, 'D3.27', 1, '2021', 0),
(447, 'D3.28.29', 1, '2021', 0),
(448, 'D3.30', 1, '2021', 1079),
(449, 'D3.31', 1, '2021', 0),
(450, 'D3.3A', 1, '2021', 0),
(451, 'D3.5', 1, '2021', 0),
(452, 'D3.6', 1, '2021', 0),
(453, 'D3.7', 1, '2021', 0),
(454, 'D3.8', 1, '2021', 0),
(455, 'D3.9', 1, '2021', 0),
(456, 'D4.11', 1, '2021', 0),
(457, 'D4.12', 1, '2021', 0),
(458, 'D4.13', 1, '2021', 0),
(459, 'D4.15', 1, '2021', 0),
(460, 'D4.16', 1, '2021', 0),
(461, 'D4.17', 1, '2021', 0),
(462, 'D4.18', 1, '2021', 0),
(463, 'D4.19', 1, '2021', 0),
(464, 'D4.2', 1, '2021', 0),
(465, 'D4.20', 1, '2021', 0),
(466, 'D4.21', 1, '2021', 0),
(467, 'D4.22', 1, '2021', 0),
(468, 'D4.23', 1, '2021', 0),
(469, 'D4.24', 1, '2021', 0),
(470, 'D4.25', 1, '2021', 0),
(471, 'D4.26', 1, '2021', 0),
(472, 'D4.27', 1, '2021', 0),
(473, 'D4.28', 1, '2021', 0),
(474, 'D4.29', 1, '2021', 0),
(475, 'D4.3', 1, '2021', 2284),
(476, 'D4.30', 1, '2021', 0),
(477, 'D4.31', 1, '2021', 0),
(478, 'D4.4', 1, '2021', 0),
(479, 'D4.5', 1, '2021', 0),
(480, 'D4.6', 1, '2021', 0),
(481, 'D4.9', 1, '2021', 534),
(482, 'E.1', 1, '2021', 0),
(483, 'E.10', 1, '2021', 0),
(484, 'E.11', 1, '2021', 2101),
(485, 'E.12A', 1, '2021', 2701),
(486, 'E.12B', 1, '2021', 0),
(487, 'E.14', 1, '2021', 0),
(488, 'E.16', 1, '2021', 0),
(489, 'E.17', 1, '2021', 0),
(490, 'E.18', 1, '2021', 2091),
(491, 'E.19', 1, '2021', 0),
(492, 'E.2', 1, '2021', 0),
(493, 'E.21', 1, '2021', 0),
(494, 'E.22', 1, '2021', 4020),
(495, 'E.23', 1, '2021', 0),
(496, 'E.24', 1, '2021', 0),
(497, 'E.25', 1, '2021', 0),
(498, 'E.26', 1, '2021', 0),
(499, 'E.3A', 1, '2021', 0),
(500, 'E.3B', 1, '2021', 0),
(501, 'E.5A', 1, '2021', 0),
(502, 'E.5B', 1, '2021', 0),
(503, 'E.6', 1, '2021', 0),
(504, 'E.7A', 1, '2021', 0),
(505, 'E.7B', 1, '2021', 8880),
(506, 'E.8', 1, '2021', 0),
(507, 'E.9A', 1, '2021', 0),
(508, 'E.9B', 1, '2021', 0),
(509, 'E.9C', 1, '2021', 0),
(510, 'F.10', 1, '2021', 0),
(511, 'F.11', 1, '2021', 0),
(512, 'F.12A', 1, '2021', 0),
(513, 'F.12B', 1, '2021', 0),
(514, 'F.14', 1, '2021', 0),
(515, 'F.15', 1, '2021', 247),
(516, 'F.2', 1, '2021', 0),
(517, 'F.3A', 1, '2021', 0),
(518, 'F.3B', 1, '2021', 0),
(519, 'F.5', 1, '2021', 0),
(520, 'F.6', 1, '2021', 0),
(521, 'F.7', 1, '2021', 0),
(522, 'F.8', 1, '2021', 0),
(523, 'F.9', 1, '2021', 2572),
(524, 'G.1', 1, '2021', 0),
(525, 'G.2', 1, '2021', 0),
(526, 'G.3', 1, '2021', 0),
(528, 'A.10.11', 2, '2021', 0),
(529, 'A.12.13', 2, '2021', 0),
(530, 'A.14.15', 2, '2021', 0),
(531, 'A.16', 2, '2021', 0),
(532, 'A.17', 2, '2021', 0),
(533, 'A.18', 2, '2021', 0),
(534, 'A.19', 2, '2021', 0),
(535, 'A.2', 2, '2021', 0),
(536, 'A.20', 2, '2021', 0),
(537, 'A.21', 2, '2021', 0),
(538, 'A.23', 2, '2021', 0),
(539, 'A.24', 2, '2021', 0),
(540, 'A.3', 2, '2021', 0),
(541, 'A.4.5', 2, '2021', 0),
(542, 'A.8.9', 2, '2021', 0),
(543, 'B.1', 2, '2021', 0),
(544, 'B.10', 2, '2021', 0),
(545, 'B.11', 2, '2021', 0),
(546, 'B.12', 2, '2021', 0),
(547, 'B.2', 2, '2021', 0),
(548, 'B.3', 2, '2021', 0),
(549, 'B.4', 2, '2021', 0),
(550, 'B.5', 2, '2021', 0),
(551, 'B.6', 2, '2021', 0),
(552, 'B.8', 2, '2021', 0),
(553, 'B.9', 2, '2021', 0),
(554, 'B2.1', 2, '2021', 0),
(555, 'B2.10', 2, '2021', 0),
(556, 'B2.12A', 2, '2021', 0),
(557, 'B2.16', 2, '2021', 0),
(558, 'B2.2', 2, '2021', 0),
(559, 'B2.3', 2, '2021', 0),
(560, 'B2.4', 2, '2021', 0),
(561, 'B2.5', 2, '2021', 0),
(562, 'B2.6', 2, '2021', 0),
(563, 'B2.7', 2, '2021', 0),
(564, 'B2.8', 2, '2021', 0),
(565, 'B2.9', 2, '2021', 0),
(566, 'BA.1', 2, '2021', 0),
(567, 'BA.10', 2, '2021', 0),
(568, 'BA.11', 2, '2021', 0),
(569, 'BA.12A', 2, '2021', 0),
(570, 'BA.12B', 2, '2021', 0),
(571, 'BA.14', 2, '2021', 0),
(572, 'BA.16', 2, '2021', 0),
(573, 'BA.17', 2, '2021', 0),
(574, 'BA.18', 2, '2021', 0),
(575, 'BA.19', 2, '2021', 0),
(576, 'BA.2', 2, '2021', 0),
(577, 'BA.20', 2, '2021', 0),
(578, 'BA.21', 2, '2021', 0),
(579, 'BA.22', 2, '2021', 0),
(580, 'BA.23', 2, '2021', 0),
(581, 'BA.24', 2, '2021', 0),
(582, 'BA.25', 2, '2021', 0),
(583, 'BA.26', 2, '2021', 4571),
(584, 'BA.27', 2, '2021', 7469),
(585, 'BA.28', 2, '2021', 0),
(586, 'BA.29', 2, '2021', 0),
(587, 'BA.30', 2, '2021', 0),
(588, 'BA.31', 2, '2021', 0),
(589, 'BA.32a.36a', 2, '2021', 0),
(590, 'BA.32b', 2, '2021', 0),
(591, 'BA.33A', 2, '2021', 0),
(592, 'BA.33B', 2, '2021', 0),
(593, 'BA.34', 2, '2021', 0),
(594, 'BA.35', 2, '2021', 0),
(595, 'BA.36b', 2, '2021', 0),
(596, 'BA.37A', 2, '2021', 0),
(597, 'BA.37B', 2, '2021', 0),
(598, 'BA.38', 2, '2021', 0),
(599, 'BA.39', 2, '2021', 550),
(600, 'BA.3A', 2, '2021', 0),
(601, 'BA.3b', 2, '2021', 0),
(602, 'BA.40', 2, '2021', 0),
(603, 'BA.41', 2, '2021', 0),
(604, 'BA.42', 2, '2021', 898),
(605, 'BA.43', 2, '2021', 0),
(606, 'BA.44', 2, '2021', 0),
(607, 'BA.45', 2, '2021', 0),
(608, 'BA.46', 2, '2021', 0),
(609, 'BA.47', 2, '2021', 0),
(610, 'BA.48', 2, '2021', 0),
(611, 'BA.49', 2, '2021', 0),
(612, 'BA.5', 2, '2021', 0),
(613, 'BA.50', 2, '2021', 0),
(614, 'BA.51', 2, '2021', 0),
(615, 'BA.52', 2, '2021', 1480),
(616, 'BA.53', 2, '2021', 0),
(617, 'BA.54', 2, '2021', 0),
(618, 'BA.55', 2, '2021', 0),
(619, 'BA.56', 2, '2021', 0),
(620, 'BA.57', 2, '2021', 3130),
(621, 'BA.58', 2, '2021', 0),
(622, 'BA.59', 2, '2021', 0),
(623, 'BA.6', 2, '2021', 0),
(624, 'BA.60', 2, '2021', 0),
(625, 'BA.7', 2, '2021', 0),
(626, 'BA.8', 2, '2021', 0),
(627, 'BA.9', 2, '2021', 0),
(628, 'C.1', 2, '2021', 0),
(629, 'C.10', 2, '2021', 0),
(630, 'C.11', 2, '2021', 0),
(631, 'C.12', 2, '2021', 0),
(632, 'C.12AB', 2, '2021', 0),
(633, 'C.15', 2, '2021', 0),
(634, 'C.16', 2, '2021', 0),
(635, 'C.17', 2, '2021', 0),
(636, 'C.2', 2, '2021', 0),
(637, 'C.3', 2, '2021', 0),
(638, 'C.4', 2, '2021', 0),
(639, 'C.5', 2, '2021', 0),
(640, 'C.6', 2, '2021', 0),
(641, 'C.7', 2, '2021', 0),
(642, 'C.7A', 2, '2021', 750),
(643, 'C.7B', 2, '2021', 0),
(644, 'C.8', 2, '2021', 0),
(645, 'C.9', 2, '2021', 0),
(646, 'D1.10.11', 2, '2021', 0),
(647, 'D1.12', 2, '2021', 0),
(648, 'D1.12A', 2, '2021', 0),
(649, 'D1.14', 2, '2021', 0),
(650, 'D1.15.16', 2, '2021', 0),
(651, 'D1.17', 2, '2021', 0),
(652, 'D1.18', 2, '2021', 0),
(653, 'D1.19', 2, '2021', 0),
(654, 'D1.2', 2, '2021', 0),
(655, 'D1.20', 2, '2021', 0),
(656, 'D1.3', 2, '2021', 0),
(657, 'D1.4', 2, '2021', 0),
(658, 'D1.5', 2, '2021', 0),
(659, 'D1.6', 2, '2021', 0),
(660, 'D1.7', 2, '2021', 0),
(661, 'D1.8', 2, '2021', 0),
(662, 'D1.9', 2, '2021', 0),
(663, 'D2 24 ', 2, '2021', 0),
(664, 'D2.1', 2, '2021', 0),
(665, 'D2.10', 2, '2021', 0),
(666, 'D2.11', 2, '2021', 0),
(667, 'D2.12', 2, '2021', 0),
(668, 'D2.12A', 2, '2021', 0),
(669, 'D2.14', 2, '2021', 0),
(670, 'D2.15', 2, '2021', 1129),
(671, 'D2.16', 2, '2021', 0),
(672, 'D2.17', 2, '2021', 0),
(673, 'D2.18', 2, '2021', 0),
(674, 'D2.19', 2, '2021', 0),
(675, 'D2.2', 2, '2021', 0),
(676, 'D2.20', 2, '2021', 0),
(677, 'D2.21.22', 2, '2021', 0),
(678, 'D2.23', 2, '2021', 0),
(679, 'D2.27', 2, '2021', 0),
(680, 'D2.28', 2, '2021', 1980),
(681, 'D2.29', 2, '2021', 0),
(682, 'D2.30', 2, '2021', 0),
(683, 'D2.31', 2, '2021', 0),
(684, 'D2.32', 2, '2021', 0),
(685, 'D2.3A', 2, '2021', 0),
(686, 'D2.3B', 2, '2021', 0),
(687, 'D2.5', 2, '2021', 6721),
(688, 'D2.6', 2, '2021', 0),
(689, 'D2.9', 2, '2021', 0),
(690, 'D3.1', 2, '2021', 0),
(691, 'D3.10', 2, '2021', 0),
(692, 'D3.11', 2, '2021', 0),
(693, 'D3.12A', 2, '2021', 0),
(694, 'D3.12B', 2, '2021', 0),
(695, 'D3.14', 2, '2021', 0),
(696, 'D3.15', 2, '2021', 0),
(697, 'D3.16', 2, '2021', 0),
(698, 'D3.17', 2, '2021', 0),
(699, 'D3.18', 2, '2021', 0),
(700, 'D3.19', 2, '2021', 0),
(701, 'D3.2', 2, '2021', 0),
(702, 'D3.20', 2, '2021', 0),
(703, 'D3.21', 2, '2021', 2402),
(704, 'D3.22', 2, '2021', 0),
(705, 'D3.23', 2, '2021', 0),
(706, 'D3.24', 2, '2021', 0),
(707, 'D3.25', 2, '2021', 0),
(708, 'D3.26', 2, '2021', 0),
(709, 'D3.27', 2, '2021', 0),
(710, 'D3.28.29', 2, '2021', 0),
(711, 'D3.30', 2, '2021', 1079),
(712, 'D3.31', 2, '2021', 0),
(713, 'D3.3A', 2, '2021', 0),
(714, 'D3.5', 2, '2021', 0),
(715, 'D3.6', 2, '2021', 0),
(716, 'D3.7', 2, '2021', 0),
(717, 'D3.8', 2, '2021', 0),
(718, 'D3.9', 2, '2021', 0),
(719, 'D4.11', 2, '2021', 0),
(720, 'D4.12', 2, '2021', 0),
(721, 'D4.13', 2, '2021', 0),
(722, 'D4.15', 2, '2021', 0),
(723, 'D4.16', 2, '2021', 0),
(724, 'D4.17', 2, '2021', 0),
(725, 'D4.18', 2, '2021', 0),
(726, 'D4.19', 2, '2021', 0),
(727, 'D4.2', 2, '2021', 0),
(728, 'D4.20', 2, '2021', 0),
(729, 'D4.21', 2, '2021', 0),
(730, 'D4.22', 2, '2021', 0),
(731, 'D4.23', 2, '2021', 0),
(732, 'D4.24', 2, '2021', 0),
(733, 'D4.25', 2, '2021', 0),
(734, 'D4.26', 2, '2021', 0),
(735, 'D4.27', 2, '2021', 0),
(736, 'D4.28', 2, '2021', 0),
(737, 'D4.29', 2, '2021', 0),
(738, 'D4.3', 2, '2021', 2284),
(739, 'D4.30', 2, '2021', 0),
(740, 'D4.31', 2, '2021', 0),
(741, 'D4.4', 2, '2021', 0),
(742, 'D4.5', 2, '2021', 0),
(743, 'D4.6', 2, '2021', 0),
(744, 'D4.9', 2, '2021', 534),
(745, 'E.1', 2, '2021', 0),
(746, 'E.10', 2, '2021', 0),
(747, 'E.11', 2, '2021', 2101),
(748, 'E.12A', 2, '2021', 2701),
(749, 'E.12B', 2, '2021', 0),
(750, 'E.14', 2, '2021', 0),
(751, 'E.16', 2, '2021', 0),
(752, 'E.17', 2, '2021', 0),
(753, 'E.18', 2, '2021', 2091),
(754, 'E.19', 2, '2021', 0),
(755, 'E.2', 2, '2021', 0),
(756, 'E.21', 2, '2021', 0),
(757, 'E.22', 2, '2021', 4030),
(758, 'E.23', 2, '2021', 0),
(759, 'E.24', 2, '2021', 0),
(760, 'E.25', 2, '2021', 0),
(761, 'E.26', 2, '2021', 0),
(762, 'E.3A', 2, '2021', 0),
(763, 'E.3B', 2, '2021', 0),
(764, 'E.5A', 2, '2021', 0),
(765, 'E.5B', 2, '2021', 0),
(766, 'E.6', 2, '2021', 0),
(767, 'E.7A', 2, '2021', 0),
(768, 'E.7B', 2, '2021', 0),
(769, 'E.8', 2, '2021', 0),
(770, 'E.9A', 2, '2021', 0),
(771, 'E.9B', 2, '2021', 0),
(772, 'E.9C', 2, '2021', 0),
(773, 'F.10', 2, '2021', 0),
(774, 'F.11', 2, '2021', 0),
(775, 'F.12A', 2, '2021', 0),
(776, 'F.12B', 2, '2021', 0),
(777, 'F.14', 2, '2021', 663),
(778, 'F.15', 2, '2021', 247),
(779, 'F.2', 2, '2021', 0),
(780, 'F.3A', 2, '2021', 0),
(781, 'F.3B', 2, '2021', 0),
(782, 'F.5', 2, '2021', 0),
(783, 'F.6', 2, '2021', 0),
(784, 'F.7', 2, '2021', 0),
(785, 'F.8', 2, '2021', 0),
(786, 'F.9', 2, '2021', 2583),
(787, 'G.1', 2, '2021', 0),
(788, 'G.2', 2, '2021', 0),
(789, 'G.3', 2, '2021', 0),
(791, 'A.10.11', 3, '2021', 0),
(792, 'A.12.13', 3, '2021', 0),
(793, 'A.14.15', 3, '2021', 0),
(794, 'A.16', 3, '2021', 0),
(795, 'A.17', 3, '2021', 0),
(796, 'A.18', 3, '2021', 0),
(797, 'A.19', 3, '2021', 0),
(798, 'A.2', 3, '2021', 0),
(799, 'A.20', 3, '2021', 0),
(800, 'A.21', 3, '2021', 0),
(801, 'A.23', 3, '2021', 0),
(802, 'A.24', 3, '2021', 0),
(803, 'A.3', 3, '2021', 0),
(804, 'A.4.5', 3, '2021', 0),
(805, 'A.8.9', 3, '2021', 0),
(806, 'B.1', 3, '2021', 1266),
(807, 'B.10', 3, '2021', 0),
(808, 'B.11', 3, '2021', 2869),
(809, 'B.12', 3, '2021', 0),
(810, 'B.2', 3, '2021', 0),
(811, 'B.3', 3, '2021', 0),
(812, 'B.4', 3, '2021', 0),
(813, 'B.5', 3, '2021', 0),
(814, 'B.6', 3, '2021', 0),
(815, 'B.8', 3, '2021', 0),
(816, 'B.9', 3, '2021', 0),
(817, 'B2.1', 3, '2021', 0),
(818, 'B2.10', 3, '2021', 0),
(819, 'B2.12A', 3, '2021', 0),
(820, 'B2.16', 3, '2021', 2711),
(821, 'B2.2', 3, '2021', 0),
(822, 'B2.3', 3, '2021', 0),
(823, 'B2.4', 3, '2021', 0),
(824, 'B2.5', 3, '2021', 0),
(825, 'B2.6', 3, '2021', 0),
(826, 'B2.7', 3, '2021', 0),
(827, 'B2.8', 3, '2021', 0),
(828, 'B2.9', 3, '2021', 0),
(829, 'BA.1', 3, '2021', 0),
(830, 'BA.10', 3, '2021', 0),
(831, 'BA.11', 3, '2021', 0),
(832, 'BA.12A', 3, '2021', 0),
(833, 'BA.12B', 3, '2021', 0),
(834, 'BA.14', 3, '2021', 0),
(835, 'BA.16', 3, '2021', 0),
(836, 'BA.17', 3, '2021', 0),
(837, 'BA.18', 3, '2021', 0),
(838, 'BA.19', 3, '2021', 0),
(839, 'BA.2', 3, '2021', 0),
(840, 'BA.20', 3, '2021', 0),
(841, 'BA.21', 3, '2021', 0),
(842, 'BA.22', 3, '2021', 0),
(843, 'BA.23', 3, '2021', 0),
(844, 'BA.24', 3, '2021', 0),
(845, 'BA.25', 3, '2021', 0),
(846, 'BA.26', 3, '2021', 4571),
(847, 'BA.27', 3, '2021', 7500),
(848, 'BA.28', 3, '2021', 0),
(849, 'BA.29', 3, '2021', 0),
(850, 'BA.30', 3, '2021', 0),
(851, 'BA.31', 3, '2021', 0),
(852, 'BA.32a.36a', 3, '2021', 0),
(853, 'BA.32b', 3, '2021', 0),
(854, 'BA.33A', 3, '2021', 0),
(855, 'BA.33B', 3, '2021', 0),
(856, 'BA.34', 3, '2021', 0),
(857, 'BA.35', 3, '2021', 0),
(858, 'BA.36b', 3, '2021', 0),
(859, 'BA.37A', 3, '2021', 0),
(860, 'BA.37B', 3, '2021', 0),
(861, 'BA.38', 3, '2021', 0),
(862, 'BA.39', 3, '2021', 550),
(863, 'BA.3A', 3, '2021', 0),
(864, 'BA.3b', 3, '2021', 0),
(865, 'BA.40', 3, '2021', 0),
(866, 'BA.41', 3, '2021', 0),
(867, 'BA.42', 3, '2021', 898),
(868, 'BA.43', 3, '2021', 0),
(869, 'BA.44', 3, '2021', 0),
(870, 'BA.45', 3, '2021', 0),
(871, 'BA.46', 3, '2021', 0),
(872, 'BA.47', 3, '2021', 0),
(873, 'BA.48', 3, '2021', 0),
(874, 'BA.49', 3, '2021', 0),
(875, 'BA.5', 3, '2021', 0),
(876, 'BA.50', 3, '2021', 0),
(877, 'BA.51', 3, '2021', 0),
(878, 'BA.52', 3, '2021', 1480),
(879, 'BA.53', 3, '2021', 0),
(880, 'BA.54', 3, '2021', 0),
(881, 'BA.55', 3, '2021', 0),
(882, 'BA.56', 3, '2021', 0),
(883, 'BA.57', 3, '2021', 3130),
(884, 'BA.58', 3, '2021', 0),
(885, 'BA.59', 3, '2021', 0),
(886, 'BA.6', 3, '2021', 0),
(887, 'BA.60', 3, '2021', 0),
(888, 'BA.7', 3, '2021', 0),
(889, 'BA.8', 3, '2021', 0),
(890, 'BA.9', 3, '2021', 0),
(891, 'C.1', 3, '2021', 0),
(892, 'C.10', 3, '2021', 0),
(893, 'C.11', 3, '2021', 0),
(894, 'C.12', 3, '2021', 0),
(895, 'C.12AB', 3, '2021', 0),
(896, 'C.15', 3, '2021', 0),
(897, 'C.16', 3, '2021', 0),
(898, 'C.17', 3, '2021', 0),
(899, 'C.2', 3, '2021', 0),
(900, 'C.3', 3, '2021', 0),
(901, 'C.4', 3, '2021', 0),
(902, 'C.5', 3, '2021', 0),
(903, 'C.6', 3, '2021', 0),
(904, 'C.7', 3, '2021', 0),
(905, 'C.7A', 3, '2021', 750),
(906, 'C.7B', 3, '2021', 0),
(907, 'C.8', 3, '2021', 0),
(908, 'C.9', 3, '2021', 0),
(909, 'D1.10.11', 3, '2021', 0),
(910, 'D1.12', 3, '2021', 0),
(911, 'D1.12A', 3, '2021', 0),
(912, 'D1.14', 3, '2021', 0),
(913, 'D1.15.16', 3, '2021', 0),
(914, 'D1.17', 3, '2021', 0),
(915, 'D1.18', 3, '2021', 0),
(916, 'D1.19', 3, '2021', 0),
(917, 'D1.2', 3, '2021', 0),
(918, 'D1.20', 3, '2021', 0),
(919, 'D1.3', 3, '2021', 0),
(920, 'D1.4', 3, '2021', 0),
(921, 'D1.5', 3, '2021', 0),
(922, 'D1.6', 3, '2021', 0),
(923, 'D1.7', 3, '2021', 0),
(924, 'D1.8', 3, '2021', 0),
(925, 'D1.9', 3, '2021', 0),
(926, 'D2 24 ', 3, '2021', 0),
(927, 'D2.1', 3, '2021', 0),
(928, 'D2.10', 3, '2021', 0),
(929, 'D2.11', 3, '2021', 0),
(930, 'D2.12', 3, '2021', 0),
(931, 'D2.12A', 3, '2021', 0),
(932, 'D2.14', 3, '2021', 0),
(933, 'D2.15', 3, '2021', 1129),
(934, 'D2.16', 3, '2021', 0),
(935, 'D2.17', 3, '2021', 0),
(936, 'D2.18', 3, '2021', 0),
(937, 'D2.19', 3, '2021', 0),
(938, 'D2.2', 3, '2021', 5472),
(939, 'D2.20', 3, '2021', 0),
(940, 'D2.21.22', 3, '2021', 0),
(941, 'D2.23', 3, '2021', 0),
(942, 'D2.27', 3, '2021', 0),
(943, 'D2.28', 3, '2021', 1980),
(944, 'D2.29', 3, '2021', 0),
(945, 'D2.30', 3, '2021', 0),
(946, 'D2.31', 3, '2021', 0),
(947, 'D2.32', 3, '2021', 0),
(948, 'D2.3A', 3, '2021', 0),
(949, 'D2.3B', 3, '2021', 0),
(950, 'D2.5', 3, '2021', 6721),
(951, 'D2.6', 3, '2021', 0),
(952, 'D2.9', 3, '2021', 0),
(953, 'D3.1', 3, '2021', 0),
(954, 'D3.10', 3, '2021', 0),
(955, 'D3.11', 3, '2021', 0),
(956, 'D3.12A', 3, '2021', 0),
(957, 'D3.12B', 3, '2021', 0),
(958, 'D3.14', 3, '2021', 0),
(959, 'D3.15', 3, '2021', 0),
(960, 'D3.16', 3, '2021', 0),
(961, 'D3.17', 3, '2021', 2779),
(962, 'D3.18', 3, '2021', 0),
(963, 'D3.19', 3, '2021', 0),
(964, 'D3.2', 3, '2021', 0),
(965, 'D3.20', 3, '2021', 0),
(966, 'D3.21', 3, '2021', 2429),
(967, 'D3.22', 3, '2021', 0),
(968, 'D3.23', 3, '2021', 0),
(969, 'D3.24', 3, '2021', 0),
(970, 'D3.25', 3, '2021', 0),
(971, 'D3.26', 3, '2021', 1461),
(972, 'D3.27', 3, '2021', 0),
(973, 'D3.28.29', 3, '2021', 0),
(974, 'D3.30', 3, '2021', 1079),
(975, 'D3.31', 3, '2021', 0),
(976, 'D3.3A', 3, '2021', 0),
(977, 'D3.5', 3, '2021', 0),
(978, 'D3.6', 3, '2021', 0),
(979, 'D3.7', 3, '2021', 0),
(980, 'D3.8', 3, '2021', 0),
(981, 'D3.9', 3, '2021', 0),
(982, 'D4.11', 3, '2021', 0),
(983, 'D4.12', 3, '2021', 0),
(984, 'D4.13', 3, '2021', 0),
(985, 'D4.15', 3, '2021', 0),
(986, 'D4.16', 3, '2021', 0),
(987, 'D4.17', 3, '2021', 0),
(988, 'D4.18', 3, '2021', 0),
(989, 'D4.19', 3, '2021', 0),
(990, 'D4.2', 3, '2021', 0),
(991, 'D4.20', 3, '2021', 0),
(992, 'D4.21', 3, '2021', 0),
(993, 'D4.22', 3, '2021', 0),
(994, 'D4.23', 3, '2021', 0),
(995, 'D4.24', 3, '2021', 0),
(996, 'D4.25', 3, '2021', 0),
(997, 'D4.26', 3, '2021', 0),
(998, 'D4.27', 3, '2021', 0),
(999, 'D4.28', 3, '2021', 0),
(1000, 'D4.29', 3, '2021', 0),
(1001, 'D4.3', 3, '2021', 2284),
(1002, 'D4.30', 3, '2021', 0),
(1003, 'D4.31', 3, '2021', 0),
(1004, 'D4.4', 3, '2021', 0),
(1005, 'D4.5', 3, '2021', 0),
(1006, 'D4.6', 3, '2021', 0),
(1007, 'D4.9', 3, '2021', 534),
(1008, 'E.1', 3, '2021', 0),
(1009, 'E.10', 3, '2021', 0),
(1010, 'E.11', 3, '2021', 2101),
(1011, 'E.12A', 3, '2021', 2701),
(1012, 'E.12B', 3, '2021', 0),
(1013, 'E.14', 3, '2021', 0),
(1014, 'E.16', 3, '2021', 0),
(1015, 'E.17', 3, '2021', 0),
(1016, 'E.18', 3, '2021', 2091),
(1017, 'E.19', 3, '2021', 0),
(1018, 'E.2', 3, '2021', 0),
(1019, 'E.21', 3, '2021', 0),
(1020, 'E.22', 3, '2021', 4045),
(1021, 'E.23', 3, '2021', 0),
(1022, 'E.24', 3, '2021', 0),
(1023, 'E.25', 3, '2021', 3777),
(1024, 'E.26', 3, '2021', 0),
(1025, 'E.3A', 3, '2021', 0),
(1026, 'E.3B', 3, '2021', 0),
(1027, 'E.5A', 3, '2021', 0),
(1028, 'E.5B', 3, '2021', 0),
(1029, 'E.6', 3, '2021', 0),
(1030, 'E.7A', 3, '2021', 0),
(1031, 'E.7B', 3, '2021', 8880),
(1032, 'E.8', 3, '2021', 0),
(1033, 'E.9A', 3, '2021', 0),
(1034, 'E.9B', 3, '2021', 0),
(1035, 'E.9C', 3, '2021', 0),
(1036, 'F.10', 3, '2021', 0),
(1037, 'F.11', 3, '2021', 0),
(1038, 'F.12A', 3, '2021', 0),
(1039, 'F.12B', 3, '2021', 0),
(1040, 'F.14', 3, '2021', 663),
(1041, 'F.15', 3, '2021', 247),
(1042, 'F.2', 3, '2021', 0),
(1043, 'F.3A', 3, '2021', 0),
(1044, 'F.3B', 3, '2021', 0),
(1045, 'F.5', 3, '2021', 0),
(1046, 'F.6', 3, '2021', 0),
(1047, 'F.7', 3, '2021', 0),
(1048, 'F.8', 3, '2021', 0),
(1049, 'F.9', 3, '2021', 2589),
(1050, 'G.1', 3, '2021', 0),
(1051, 'G.2', 3, '2021', 0),
(1052, 'G.3', 3, '2021', 0),
(1054, 'A.10.11', 4, '2021', 3970),
(1055, 'A.12.13', 4, '2021', 0),
(1056, 'A.14.15', 4, '2021', 0),
(1057, 'A.16', 4, '2021', 0),
(1058, 'A.17', 4, '2021', 0),
(1059, 'A.18', 4, '2021', 0),
(1060, 'A.19', 4, '2021', 0),
(1061, 'A.2', 4, '2021', 0),
(1062, 'A.20', 4, '2021', 0),
(1063, 'A.21', 4, '2021', 0),
(1064, 'A.23', 4, '2021', 0),
(1065, 'A.24', 4, '2021', 0),
(1066, 'A.3', 4, '2021', 0),
(1067, 'A.4.5', 4, '2021', 0),
(1068, 'A.8.9', 4, '2021', 0),
(1069, 'B.1', 4, '2021', 1266),
(1070, 'B.10', 4, '2021', 0),
(1071, 'B.11', 4, '2021', 2869),
(1072, 'B.12', 4, '2021', 0),
(1073, 'B.2', 4, '2021', 0),
(1074, 'B.3', 4, '2021', 0),
(1075, 'B.4', 4, '2021', 0),
(1076, 'B.5', 4, '2021', 0),
(1077, 'B.6', 4, '2021', 0),
(1078, 'B.8', 4, '2021', 0),
(1079, 'B.9', 4, '2021', 2397),
(1080, 'B2.1', 4, '2021', 0),
(1081, 'B2.10', 4, '2021', 0),
(1082, 'B2.12A', 4, '2021', 0),
(1083, 'B2.16', 4, '2021', 2836),
(1084, 'B2.2', 4, '2021', 0),
(1085, 'B2.3', 4, '2021', 0),
(1086, 'B2.4', 4, '2021', 0),
(1087, 'B2.5', 4, '2021', 0),
(1088, 'B2.6', 4, '2021', 0),
(1089, 'B2.7', 4, '2021', 0),
(1090, 'B2.8', 4, '2021', 0),
(1091, 'B2.9', 4, '2021', 0),
(1092, 'BA.1', 4, '2021', 0),
(1093, 'BA.10', 4, '2021', 0),
(1094, 'BA.11', 4, '2021', 0),
(1095, 'BA.12A', 4, '2021', 0),
(1096, 'BA.12B', 4, '2021', 0),
(1097, 'BA.14', 4, '2021', 0),
(1098, 'BA.16', 4, '2021', 5165),
(1099, 'BA.17', 4, '2021', 0),
(1100, 'BA.18', 4, '2021', 0),
(1101, 'BA.19', 4, '2021', 0),
(1102, 'BA.2', 4, '2021', 0),
(1103, 'BA.20', 4, '2021', 0),
(1104, 'BA.21', 4, '2021', 0),
(1105, 'BA.22', 4, '2021', 0),
(1106, 'BA.23', 4, '2021', 0),
(1107, 'BA.24', 4, '2021', 0),
(1108, 'BA.25', 4, '2021', 0),
(1109, 'BA.26', 4, '2021', 4571),
(1110, 'BA.27', 4, '2021', 7557),
(1111, 'BA.28', 4, '2021', 0),
(1112, 'BA.29', 4, '2021', 0),
(1113, 'BA.30', 4, '2021', 0),
(1114, 'BA.31', 4, '2021', 0),
(1115, 'BA.32a.36a', 4, '2021', 0),
(1116, 'BA.32b', 4, '2021', 0),
(1117, 'BA.33A', 4, '2021', 0),
(1118, 'BA.33B', 4, '2021', 0),
(1119, 'BA.34', 4, '2021', 0),
(1120, 'BA.35', 4, '2021', 0),
(1121, 'BA.36b', 4, '2021', 0),
(1122, 'BA.37A', 4, '2021', 0),
(1123, 'BA.37B', 4, '2021', 0),
(1124, 'BA.38', 4, '2021', 0),
(1125, 'BA.39', 4, '2021', 550),
(1126, 'BA.3A', 4, '2021', 0),
(1127, 'BA.3b', 4, '2021', 0),
(1128, 'BA.40', 4, '2021', 0),
(1129, 'BA.41', 4, '2021', 0),
(1130, 'BA.42', 4, '2021', 898),
(1131, 'BA.43', 4, '2021', 0),
(1132, 'BA.44', 4, '2021', 0),
(1133, 'BA.45', 4, '2021', 0),
(1134, 'BA.46', 4, '2021', 0),
(1135, 'BA.47', 4, '2021', 0),
(1136, 'BA.48', 4, '2021', 0),
(1137, 'BA.49', 4, '2021', 0),
(1138, 'BA.5', 4, '2021', 0),
(1139, 'BA.50', 4, '2021', 0),
(1140, 'BA.51', 4, '2021', 0),
(1141, 'BA.52', 4, '2021', 1480),
(1142, 'BA.53', 4, '2021', 0),
(1143, 'BA.54', 4, '2021', 0),
(1144, 'BA.55', 4, '2021', 0),
(1145, 'BA.56', 4, '2021', 0),
(1146, 'BA.57', 4, '2021', 3130),
(1147, 'BA.58', 4, '2021', 0),
(1148, 'BA.59', 4, '2021', 0),
(1149, 'BA.6', 4, '2021', 0),
(1150, 'BA.60', 4, '2021', 0),
(1151, 'BA.7', 4, '2021', 1489),
(1152, 'BA.8', 4, '2021', 0),
(1153, 'BA.9', 4, '2021', 0),
(1154, 'C.1', 4, '2021', 0),
(1155, 'C.10', 4, '2021', 0),
(1156, 'C.11', 4, '2021', 0),
(1157, 'C.12', 4, '2021', 0),
(1158, 'C.12AB', 4, '2021', 0),
(1159, 'C.15', 4, '2021', 0),
(1160, 'C.16', 4, '2021', 1989),
(1161, 'C.17', 4, '2021', 0),
(1162, 'C.2', 4, '2021', 0),
(1163, 'C.3', 4, '2021', 0),
(1164, 'C.4', 4, '2021', 0),
(1165, 'C.5', 4, '2021', 0),
(1166, 'C.6', 4, '2021', 0),
(1167, 'C.7', 4, '2021', 0),
(1168, 'C.7A', 4, '2021', 750),
(1169, 'C.7B', 4, '2021', 0),
(1170, 'C.8', 4, '2021', 0),
(1171, 'C.9', 4, '2021', 0),
(1172, 'D1.10.11', 4, '2021', 0),
(1173, 'D1.12', 4, '2021', 0),
(1174, 'D1.12A', 4, '2021', 0),
(1175, 'D1.14', 4, '2021', 0),
(1176, 'D1.15.16', 4, '2021', 0),
(1177, 'D1.17', 4, '2021', 0),
(1178, 'D1.18', 4, '2021', 0),
(1179, 'D1.19', 4, '2021', 0),
(1180, 'D1.2', 4, '2021', 0),
(1181, 'D1.20', 4, '2021', 0),
(1182, 'D1.3', 4, '2021', 0),
(1183, 'D1.4', 4, '2021', 0),
(1184, 'D1.5', 4, '2021', 0),
(1185, 'D1.6', 4, '2021', 0),
(1186, 'D1.7', 4, '2021', 0),
(1187, 'D1.8', 4, '2021', 0),
(1188, 'D1.9', 4, '2021', 0),
(1189, 'D2 24 ', 4, '2021', 0),
(1190, 'D2.1', 4, '2021', 0),
(1191, 'D2.10', 4, '2021', 0),
(1192, 'D2.11', 4, '2021', 0),
(1193, 'D2.12', 4, '2021', 0),
(1194, 'D2.12A', 4, '2021', 0),
(1195, 'D2.14', 4, '2021', 0),
(1196, 'D2.15', 4, '2021', 1129),
(1197, 'D2.16', 4, '2021', 0),
(1198, 'D2.17', 4, '2021', 0),
(1199, 'D2.18', 4, '2021', 0),
(1200, 'D2.19', 4, '2021', 0),
(1201, 'D2.2', 4, '2021', 5504),
(1202, 'D2.20', 4, '2021', 3114),
(1203, 'D2.21.22', 4, '2021', 0),
(1204, 'D2.23', 4, '2021', 0),
(1205, 'D2.27', 4, '2021', 0),
(1206, 'D2.28', 4, '2021', 1980),
(1207, 'D2.29', 4, '2021', 0),
(1208, 'D2.30', 4, '2021', 0),
(1209, 'D2.31', 4, '2021', 0),
(1210, 'D2.32', 4, '2021', 0),
(1211, 'D2.3A', 4, '2021', 0),
(1212, 'D2.3B', 4, '2021', 0),
(1213, 'D2.5', 4, '2021', 6721),
(1214, 'D2.6', 4, '2021', 0),
(1215, 'D2.9', 4, '2021', 0),
(1216, 'D3.1', 4, '2021', 0),
(1217, 'D3.10', 4, '2021', 0),
(1218, 'D3.11', 4, '2021', 0),
(1219, 'D3.12A', 4, '2021', 0),
(1220, 'D3.12B', 4, '2021', 0),
(1221, 'D3.14', 4, '2021', 0),
(1222, 'D3.15', 4, '2021', 0),
(1223, 'D3.16', 4, '2021', 0),
(1224, 'D3.17', 4, '2021', 2779),
(1225, 'D3.18', 4, '2021', 0),
(1226, 'D3.19', 4, '2021', 0),
(1227, 'D3.2', 4, '2021', 0),
(1228, 'D3.20', 4, '2021', 0),
(1229, 'D3.21', 4, '2021', 2456),
(1230, 'D3.22', 4, '2021', 0),
(1231, 'D3.23', 4, '2021', 0),
(1232, 'D3.24', 4, '2021', 0),
(1233, 'D3.25', 4, '2021', 0),
(1234, 'D3.26', 4, '2021', 1461),
(1235, 'D3.27', 4, '2021', 0),
(1236, 'D3.28.29', 4, '2021', 0),
(1237, 'D3.30', 4, '2021', 1079),
(1238, 'D3.31', 4, '2021', 0),
(1239, 'D3.3A', 4, '2021', 0),
(1240, 'D3.5', 4, '2021', 0),
(1241, 'D3.6', 4, '2021', 0),
(1242, 'D3.7', 4, '2021', 0),
(1243, 'D3.8', 4, '2021', 0),
(1244, 'D3.9', 4, '2021', 0),
(1245, 'D4.11', 4, '2021', 0),
(1246, 'D4.12', 4, '2021', 0),
(1247, 'D4.13', 4, '2021', 0),
(1248, 'D4.15', 4, '2021', 0),
(1249, 'D4.16', 4, '2021', 0),
(1250, 'D4.17', 4, '2021', 0),
(1251, 'D4.18', 4, '2021', 0),
(1252, 'D4.19', 4, '2021', 0),
(1253, 'D4.2', 4, '2021', 0),
(1254, 'D4.20', 4, '2021', 0),
(1255, 'D4.21', 4, '2021', 0),
(1256, 'D4.22', 4, '2021', 0),
(1257, 'D4.23', 4, '2021', 0),
(1258, 'D4.24', 4, '2021', 0),
(1259, 'D4.25', 4, '2021', 0),
(1260, 'D4.26', 4, '2021', 0),
(1261, 'D4.27', 4, '2021', 0),
(1262, 'D4.28', 4, '2021', 0),
(1263, 'D4.29', 4, '2021', 0),
(1264, 'D4.3', 4, '2021', 2284),
(1265, 'D4.30', 4, '2021', 0),
(1266, 'D4.31', 4, '2021', 0),
(1267, 'D4.4', 4, '2021', 0),
(1268, 'D4.5', 4, '2021', 0),
(1269, 'D4.6', 4, '2021', 0),
(1270, 'D4.9', 4, '2021', 534),
(1271, 'E.1', 4, '2021', 0),
(1272, 'E.10', 4, '2021', 0),
(1273, 'E.11', 4, '2021', 2101),
(1274, 'E.12A', 4, '2021', 2701),
(1275, 'E.12B', 4, '2021', 0),
(1276, 'E.14', 4, '2021', 0),
(1277, 'E.16', 4, '2021', 0),
(1278, 'E.17', 4, '2021', 0),
(1279, 'E.18', 4, '2021', 2091),
(1280, 'E.19', 4, '2021', 0),
(1281, 'E.2', 4, '2021', 0),
(1282, 'E.21', 4, '2021', 0),
(1283, 'E.22', 4, '2021', 4065),
(1284, 'E.23', 4, '2021', 0),
(1285, 'E.24', 4, '2021', 0),
(1286, 'E.25', 4, '2021', 3787),
(1287, 'E.26', 4, '2021', 0),
(1288, 'E.3A', 4, '2021', 0),
(1289, 'E.3B', 4, '2021', 0),
(1290, 'E.5A', 4, '2021', 0),
(1291, 'E.5B', 4, '2021', 0),
(1292, 'E.6', 4, '2021', 0),
(1293, 'E.7A', 4, '2021', 0),
(1294, 'E.7B', 4, '2021', 8880),
(1295, 'E.8', 4, '2021', 0),
(1296, 'E.9A', 4, '2021', 0),
(1297, 'E.9B', 4, '2021', 0),
(1298, 'E.9C', 4, '2021', 0),
(1299, 'F.10', 4, '2021', 0),
(1300, 'F.11', 4, '2021', 0),
(1301, 'F.12A', 4, '2021', 0),
(1302, 'F.12B', 4, '2021', 0),
(1303, 'F.14', 4, '2021', 663),
(1304, 'F.15', 4, '2021', 247),
(1305, 'F.2', 4, '2021', 0),
(1306, 'F.3A', 4, '2021', 0),
(1307, 'F.3B', 4, '2021', 0),
(1308, 'F.5', 4, '2021', 0),
(1309, 'F.6', 4, '2021', 0),
(1310, 'F.7', 4, '2021', 0),
(1311, 'F.8', 4, '2021', 0),
(1312, 'F.9', 4, '2021', 2596),
(1313, 'G.1', 4, '2021', 0),
(1314, 'G.2', 4, '2021', 0),
(1315, 'G.3', 4, '2021', 0),
(1317, 'A.10.11', 5, '2021', 3970),
(1318, 'A.12.13', 5, '2021', 4931),
(1319, 'A.14.15', 5, '2021', 0),
(1320, 'A.16', 5, '2021', 0),
(1321, 'A.17', 5, '2021', 0),
(1322, 'A.18', 5, '2021', 0),
(1323, 'A.19', 5, '2021', 0),
(1324, 'A.2', 5, '2021', 0),
(1325, 'A.20', 5, '2021', 0),
(1326, 'A.21', 5, '2021', 0),
(1327, 'A.23', 5, '2021', 0),
(1328, 'A.24', 5, '2021', 0),
(1329, 'A.3', 5, '2021', 0),
(1330, 'A.4.5', 5, '2021', 0),
(1331, 'A.8.9', 5, '2021', 0),
(1332, 'B.1', 5, '2021', 1266),
(1333, 'B.10', 5, '2021', 0),
(1334, 'B.11', 5, '2021', 2869),
(1335, 'B.12', 5, '2021', 0),
(1336, 'B.2', 5, '2021', 3022),
(1337, 'B.3', 5, '2021', 0),
(1338, 'B.4', 5, '2021', 0),
(1339, 'B.5', 5, '2021', 0),
(1340, 'B.6', 5, '2021', 0),
(1341, 'B.8', 5, '2021', 0),
(1342, 'B.9', 5, '2021', 2403),
(1343, 'B2.1', 5, '2021', 0),
(1344, 'B2.10', 5, '2021', 0),
(1345, 'B2.12A', 5, '2021', 0),
(1346, 'B2.16', 5, '2021', 2961),
(1347, 'B2.2', 5, '2021', 3915),
(1348, 'B2.3', 5, '2021', 0),
(1349, 'B2.4', 5, '2021', 0),
(1350, 'B2.5', 5, '2021', 0),
(1351, 'B2.6', 5, '2021', 0),
(1352, 'B2.7', 5, '2021', 0),
(1353, 'B2.8', 5, '2021', 0),
(1354, 'B2.9', 5, '2021', 0),
(1355, 'BA.1', 5, '2021', 0),
(1356, 'BA.10', 5, '2021', 0),
(1357, 'BA.11', 5, '2021', 0),
(1358, 'BA.12A', 5, '2021', 0),
(1359, 'BA.12B', 5, '2021', 0),
(1360, 'BA.14', 5, '2021', 0),
(1361, 'BA.16', 5, '2021', 5176),
(1362, 'BA.17', 5, '2021', 0),
(1363, 'BA.18', 5, '2021', 0),
(1364, 'BA.19', 5, '2021', 1221),
(1365, 'BA.2', 5, '2021', 0),
(1366, 'BA.20', 5, '2021', 0),
(1367, 'BA.21', 5, '2021', 0),
(1368, 'BA.22', 5, '2021', 0),
(1369, 'BA.23', 5, '2021', 0),
(1370, 'BA.24', 5, '2021', 0),
(1371, 'BA.25', 5, '2021', 0),
(1372, 'BA.26', 5, '2021', 4571),
(1373, 'BA.27', 5, '2021', 7580),
(1374, 'BA.28', 5, '2021', 0),
(1375, 'BA.29', 5, '2021', 0),
(1376, 'BA.30', 5, '2021', 0),
(1377, 'BA.31', 5, '2021', 0),
(1378, 'BA.32a.36a', 5, '2021', 0),
(1379, 'BA.32b', 5, '2021', 0),
(1380, 'BA.33A', 5, '2021', 0),
(1381, 'BA.33B', 5, '2021', 0),
(1382, 'BA.34', 5, '2021', 0),
(1383, 'BA.35', 5, '2021', 0),
(1384, 'BA.36b', 5, '2021', 0),
(1385, 'BA.37A', 5, '2021', 0),
(1386, 'BA.37B', 5, '2021', 0),
(1387, 'BA.38', 5, '2021', 0),
(1388, 'BA.39', 5, '2021', 550),
(1389, 'BA.3A', 5, '2021', 0),
(1390, 'BA.3b', 5, '2021', 0),
(1391, 'BA.40', 5, '2021', 0),
(1392, 'BA.41', 5, '2021', 0),
(1393, 'BA.42', 5, '2021', 898),
(1394, 'BA.43', 5, '2021', 0),
(1395, 'BA.44', 5, '2021', 0),
(1396, 'BA.45', 5, '2021', 0),
(1397, 'BA.46', 5, '2021', 0),
(1398, 'BA.47', 5, '2021', 0),
(1399, 'BA.48', 5, '2021', 0),
(1400, 'BA.49', 5, '2021', 0),
(1401, 'BA.5', 5, '2021', 0),
(1402, 'BA.50', 5, '2021', 0),
(1403, 'BA.51', 5, '2021', 0),
(1404, 'BA.52', 5, '2021', 1480),
(1405, 'BA.53', 5, '2021', 0),
(1406, 'BA.54', 5, '2021', 0),
(1407, 'BA.55', 5, '2021', 0),
(1408, 'BA.56', 5, '2021', 0),
(1409, 'BA.57', 5, '2021', 3130),
(1410, 'BA.58', 5, '2021', 0),
(1411, 'BA.59', 5, '2021', 0),
(1412, 'BA.6', 5, '2021', 0),
(1413, 'BA.60', 5, '2021', 0),
(1414, 'BA.7', 5, '2021', 1502),
(1415, 'BA.8', 5, '2021', 0),
(1416, 'BA.9', 5, '2021', 0),
(1417, 'C.1', 5, '2021', 0),
(1418, 'C.10', 5, '2021', 0),
(1419, 'C.11', 5, '2021', 0),
(1420, 'C.12', 5, '2021', 0),
(1421, 'C.12AB', 5, '2021', 0),
(1422, 'C.15', 5, '2021', 0),
(1423, 'C.16', 5, '2021', 2009),
(1424, 'C.17', 5, '2021', 0),
(1425, 'C.2', 5, '2021', 0),
(1426, 'C.3', 5, '2021', 0),
(1427, 'C.4', 5, '2021', 0),
(1428, 'C.5', 5, '2021', 0),
(1429, 'C.6', 5, '2021', 0),
(1430, 'C.7', 5, '2021', 0),
(1431, 'C.7A', 5, '2021', 750),
(1432, 'C.7B', 5, '2021', 0),
(1433, 'C.8', 5, '2021', 0),
(1434, 'C.9', 5, '2021', 0),
(1435, 'D1.10.11', 5, '2021', 0),
(1436, 'D1.12', 5, '2021', 0),
(1437, 'D1.12A', 5, '2021', 0),
(1438, 'D1.14', 5, '2021', 0),
(1439, 'D1.15.16', 5, '2021', 0),
(1440, 'D1.17', 5, '2021', 0),
(1441, 'D1.18', 5, '2021', 0),
(1442, 'D1.19', 5, '2021', 0),
(1443, 'D1.2', 5, '2021', 0),
(1444, 'D1.20', 5, '2021', 0),
(1445, 'D1.3', 5, '2021', 0),
(1446, 'D1.4', 5, '2021', 0),
(1447, 'D1.5', 5, '2021', 0),
(1448, 'D1.6', 5, '2021', 0),
(1449, 'D1.7', 5, '2021', 0),
(1450, 'D1.8', 5, '2021', 7855),
(1451, 'D1.9', 5, '2021', 0),
(1452, 'D2 24 ', 5, '2021', 0),
(1453, 'D2.1', 5, '2021', 0),
(1454, 'D2.10', 5, '2021', 0),
(1455, 'D2.11', 5, '2021', 0),
(1456, 'D2.12', 5, '2021', 0),
(1457, 'D2.12A', 5, '2021', 0),
(1458, 'D2.14', 5, '2021', 0),
(1459, 'D2.15', 5, '2021', 1129),
(1460, 'D2.16', 5, '2021', 0),
(1461, 'D2.17', 5, '2021', 0),
(1462, 'D2.18', 5, '2021', 0),
(1463, 'D2.19', 5, '2021', 0),
(1464, 'D2.2', 5, '2021', 5525),
(1465, 'D2.20', 5, '2021', 3128),
(1466, 'D2.21.22', 5, '2021', 0),
(1467, 'D2.23', 5, '2021', 0),
(1468, 'D2.27', 5, '2021', 0),
(1469, 'D2.28', 5, '2021', 1980),
(1470, 'D2.29', 5, '2021', 0),
(1471, 'D2.30', 5, '2021', 0),
(1472, 'D2.31', 5, '2021', 0),
(1473, 'D2.32', 5, '2021', 0),
(1474, 'D2.3A', 5, '2021', 0),
(1475, 'D2.3B', 5, '2021', 0),
(1476, 'D2.5', 5, '2021', 6721),
(1477, 'D2.6', 5, '2021', 0),
(1478, 'D2.9', 5, '2021', 4533),
(1479, 'D3.1', 5, '2021', 0),
(1480, 'D3.10', 5, '2021', 0),
(1481, 'D3.11', 5, '2021', 0),
(1482, 'D3.12A', 5, '2021', 0),
(1483, 'D3.12B', 5, '2021', 0),
(1484, 'D3.14', 5, '2021', 0),
(1485, 'D3.15', 5, '2021', 0),
(1486, 'D3.16', 5, '2021', 0),
(1487, 'D3.17', 5, '2021', 2779),
(1488, 'D3.18', 5, '2021', 0),
(1489, 'D3.19', 5, '2021', 0),
(1490, 'D3.2', 5, '2021', 0),
(1491, 'D3.20', 5, '2021', 0),
(1492, 'D3.21', 5, '2021', 2483),
(1493, 'D3.22', 5, '2021', 0),
(1494, 'D3.23', 5, '2021', 0),
(1495, 'D3.24', 5, '2021', 0),
(1496, 'D3.25', 5, '2021', 0),
(1497, 'D3.26', 5, '2021', 1461),
(1498, 'D3.27', 5, '2021', 0),
(1499, 'D3.28.29', 5, '2021', 0),
(1500, 'D3.30', 5, '2021', 1079),
(1501, 'D3.31', 5, '2021', 0),
(1502, 'D3.3A', 5, '2021', 0),
(1503, 'D3.5', 5, '2021', 2739),
(1504, 'D3.6', 5, '2021', 0),
(1505, 'D3.7', 5, '2021', 0),
(1506, 'D3.8', 5, '2021', 0),
(1507, 'D3.9', 5, '2021', 0),
(1508, 'D4.11', 5, '2021', 0),
(1509, 'D4.12', 5, '2021', 0),
(1510, 'D4.13', 5, '2021', 0),
(1511, 'D4.15', 5, '2021', 0),
(1512, 'D4.16', 5, '2021', 0),
(1513, 'D4.17', 5, '2021', 0),
(1514, 'D4.18', 5, '2021', 0),
(1515, 'D4.19', 5, '2021', 0),
(1516, 'D4.2', 5, '2021', 0),
(1517, 'D4.20', 5, '2021', 0),
(1518, 'D4.21', 5, '2021', 0),
(1519, 'D4.22', 5, '2021', 0),
(1520, 'D4.23', 5, '2021', 0),
(1521, 'D4.24', 5, '2021', 0),
(1522, 'D4.25', 5, '2021', 0),
(1523, 'D4.26', 5, '2021', 0),
(1524, 'D4.27', 5, '2021', 0),
(1525, 'D4.28', 5, '2021', 0),
(1526, 'D4.29', 5, '2021', 0),
(1527, 'D4.3', 5, '2021', 2284),
(1528, 'D4.30', 5, '2021', 0),
(1529, 'D4.31', 5, '2021', 0),
(1530, 'D4.4', 5, '2021', 0),
(1531, 'D4.5', 5, '2021', 0),
(1532, 'D4.6', 5, '2021', 0),
(1533, 'D4.9', 5, '2021', 653),
(1534, 'E.1', 5, '2021', 0),
(1535, 'E.10', 5, '2021', 108),
(1536, 'E.11', 5, '2021', 2101),
(1537, 'E.12A', 5, '2021', 2701),
(1538, 'E.12B', 5, '2021', 0),
(1539, 'E.14', 5, '2021', 0),
(1540, 'E.16', 5, '2021', 0),
(1541, 'E.17', 5, '2021', 0),
(1542, 'E.18', 5, '2021', 2091),
(1543, 'E.19', 5, '2021', 0),
(1544, 'E.2', 5, '2021', 0),
(1545, 'E.21', 5, '2021', 0),
(1546, 'E.22', 5, '2021', 4090),
(1547, 'E.23', 5, '2021', 0),
(1548, 'E.24', 5, '2021', 370),
(1549, 'E.25', 5, '2021', 3798),
(1550, 'E.26', 5, '2021', 0),
(1551, 'E.3A', 5, '2021', 0),
(1552, 'E.3B', 5, '2021', 0),
(1553, 'E.5A', 5, '2021', 0),
(1554, 'E.5B', 5, '2021', 0),
(1555, 'E.6', 5, '2021', 0),
(1556, 'E.7A', 5, '2021', 0),
(1557, 'E.7B', 5, '2021', 8880),
(1558, 'E.8', 5, '2021', 0),
(1559, 'E.9A', 5, '2021', 0),
(1560, 'E.9B', 5, '2021', 568),
(1561, 'E.9C', 5, '2021', 0),
(1562, 'F.10', 5, '2021', 0),
(1563, 'F.11', 5, '2021', 0),
(1564, 'F.12A', 5, '2021', 0),
(1565, 'F.12B', 5, '2021', 0),
(1566, 'F.14', 5, '2021', 663),
(1567, 'F.15', 5, '2021', 247),
(1568, 'F.2', 5, '2021', 0),
(1569, 'F.3A', 5, '2021', 0),
(1570, 'F.3B', 5, '2021', 0),
(1571, 'F.5', 5, '2021', 0),
(1572, 'F.6', 5, '2021', 0),
(1573, 'F.7', 5, '2021', 0),
(1574, 'F.8', 5, '2021', 0),
(1575, 'F.9', 5, '2021', 2615),
(1576, 'G.1', 5, '2021', 0),
(1577, 'G.2', 5, '2021', 0),
(1578, 'G.3', 5, '2021', 0),
(1579, 'A.1', 6, '2021', 4097),
(1580, 'A.10.11', 6, '2021', 3970),
(1581, 'A.12.13', 6, '2021', 4964),
(1582, 'A.14.15', 6, '2021', 0),
(1583, 'A.16', 6, '2021', 0),
(1584, 'A.17', 6, '2021', 0),
(1585, 'A.18', 6, '2021', 0),
(1586, 'A.19', 6, '2021', 0),
(1587, 'A.2', 6, '2021', 0),
(1588, 'A.20', 6, '2021', 0),
(1589, 'A.21', 6, '2021', 0),
(1590, 'A.23', 6, '2021', 0),
(1591, 'A.24', 6, '2021', 1),
(1592, 'A.3', 6, '2021', 0),
(1593, 'A.4.5', 6, '2021', 0),
(1594, 'A.8.9', 6, '2021', 0),
(1595, 'B.1', 6, '2021', 1266),
(1596, 'B.10', 6, '2021', 0),
(1597, 'B.11', 6, '2021', 2869),
(1598, 'B.12', 6, '2021', 0),
(1599, 'B.2', 6, '2021', 3022),
(1600, 'B.3', 6, '2021', 0),
(1601, 'B.4', 6, '2021', 0),
(1602, 'B.5', 6, '2021', 0),
(1603, 'B.6', 6, '2021', 0),
(1604, 'B.8', 6, '2021', 0),
(1605, 'B.9', 6, '2021', 2412),
(1606, 'B2.1', 6, '2021', 0),
(1607, 'B2.10', 6, '2021', 0),
(1608, 'B2.12A', 6, '2021', 271),
(1609, 'B2.16', 6, '2021', 3086),
(1610, 'B2.2', 6, '2021', 3933),
(1611, 'B2.3', 6, '2021', 0),
(1612, 'B2.4', 6, '2021', 0),
(1613, 'B2.5', 6, '2021', 0),
(1614, 'B2.6', 6, '2021', 0),
(1615, 'B2.7', 6, '2021', 0),
(1616, 'B2.8', 6, '2021', 1),
(1617, 'B2.9', 6, '2021', 0),
(1618, 'BA.1', 6, '2021', 0),
(1619, 'BA.10', 6, '2021', 0),
(1620, 'BA.11', 6, '2021', 0),
(1621, 'BA.12A', 6, '2021', 0),
(1622, 'BA.12B', 6, '2021', 0),
(1623, 'BA.14', 6, '2021', 0),
(1624, 'BA.16', 6, '2021', 5186),
(1625, 'BA.17', 6, '2021', 0),
(1626, 'BA.18', 6, '2021', 0),
(1627, 'BA.19', 6, '2021', 1232),
(1628, 'BA.2', 6, '2021', 0),
(1629, 'BA.20', 6, '2021', 0),
(1630, 'BA.21', 6, '2021', 0),
(1631, 'BA.22', 6, '2021', 0),
(1632, 'BA.23', 6, '2021', 0),
(1633, 'BA.24', 6, '2021', 0),
(1634, 'BA.25', 6, '2021', 0),
(1635, 'BA.26', 6, '2021', 4571),
(1636, 'BA.27', 6, '2021', 7666),
(1637, 'BA.28', 6, '2021', 0),
(1638, 'BA.29', 6, '2021', 0),
(1639, 'BA.30', 6, '2021', 0),
(1640, 'BA.31', 6, '2021', 0),
(1641, 'BA.32a.36a', 6, '2021', 0),
(1642, 'BA.32b', 6, '2021', 0),
(1643, 'BA.33A', 6, '2021', 0),
(1644, 'BA.33B', 6, '2021', 0),
(1645, 'BA.34', 6, '2021', 0),
(1646, 'BA.35', 6, '2021', 0),
(1647, 'BA.36b', 6, '2021', 0),
(1648, 'BA.37A', 6, '2021', 0),
(1649, 'BA.37B', 6, '2021', 0),
(1650, 'BA.38', 6, '2021', 0),
(1651, 'BA.39', 6, '2021', 550),
(1652, 'BA.3A', 6, '2021', 0),
(1653, 'BA.3b', 6, '2021', 0),
(1654, 'BA.40', 6, '2021', 0),
(1655, 'BA.41', 6, '2021', 0),
(1656, 'BA.42', 6, '2021', 898),
(1657, 'BA.43', 6, '2021', 0),
(1658, 'BA.44', 6, '2021', 0),
(1659, 'BA.45', 6, '2021', 0),
(1660, 'BA.46', 6, '2021', 0),
(1661, 'BA.47', 6, '2021', 0),
(1662, 'BA.48', 6, '2021', 0),
(1663, 'BA.49', 6, '2021', 0),
(1664, 'BA.5', 6, '2021', 0),
(1665, 'BA.50', 6, '2021', 0),
(1666, 'BA.51', 6, '2021', 0),
(1667, 'BA.52', 6, '2021', 1480),
(1668, 'BA.53', 6, '2021', 0),
(1669, 'BA.54', 6, '2021', 0),
(1670, 'BA.55', 6, '2021', 0),
(1671, 'BA.56', 6, '2021', 0),
(1672, 'BA.57', 6, '2021', 3130),
(1673, 'BA.58', 6, '2021', 0),
(1674, 'BA.59', 6, '2021', 0),
(1675, 'BA.6', 6, '2021', 0),
(1676, 'BA.60', 6, '2021', 0),
(1677, 'BA.7', 6, '2021', 1510),
(1678, 'BA.8', 6, '2021', 0),
(1679, 'BA.9', 6, '2021', 0),
(1680, 'C.1', 6, '2021', 0),
(1681, 'C.10', 6, '2021', 0),
(1682, 'C.11', 6, '2021', 0),
(1683, 'C.12', 6, '2021', 46),
(1684, 'C.12AB', 6, '2021', 0),
(1685, 'C.15', 6, '2021', 0),
(1686, 'C.16', 6, '2021', 2052),
(1687, 'C.17', 6, '2021', 0),
(1688, 'C.2', 6, '2021', 0),
(1689, 'C.3', 6, '2021', 0),
(1690, 'C.4', 6, '2021', 0),
(1691, 'C.5', 6, '2021', 0),
(1692, 'C.6', 6, '2021', 0),
(1693, 'C.7', 6, '2021', 0),
(1694, 'C.7A', 6, '2021', 750),
(1695, 'C.7B', 6, '2021', 0),
(1696, 'C.8', 6, '2021', 454),
(1697, 'C.9', 6, '2021', 0),
(1698, 'D1.10.11', 6, '2021', 0),
(1699, 'D1.12', 6, '2021', 0),
(1700, 'D1.12A', 6, '2021', 0),
(1701, 'D1.14', 6, '2021', 0),
(1702, 'D1.15.16', 6, '2021', 0),
(1703, 'D1.17', 6, '2021', 0),
(1704, 'D1.18', 6, '2021', 0),
(1705, 'D1.19', 6, '2021', 0),
(1706, 'D1.2', 6, '2021', 0),
(1707, 'D1.20', 6, '2021', 0),
(1708, 'D1.3', 6, '2021', 0),
(1709, 'D1.4', 6, '2021', 0),
(1710, 'D1.5', 6, '2021', 0),
(1711, 'D1.6', 6, '2021', 0),
(1712, 'D1.7', 6, '2021', 0),
(1713, 'D1.8', 6, '2021', 7910),
(1714, 'D1.9', 6, '2021', 0),
(1715, 'D2 24 ', 6, '2021', 0),
(1716, 'D2.1', 6, '2021', 0),
(1717, 'D2.10', 6, '2021', 0),
(1718, 'D2.11', 6, '2021', 0),
(1719, 'D2.12', 6, '2021', 0),
(1720, 'D2.12A', 6, '2021', 0),
(1721, 'D2.14', 6, '2021', 0),
(1722, 'D2.15', 6, '2021', 1129),
(1723, 'D2.16', 6, '2021', 0),
(1724, 'D2.17', 6, '2021', 1526),
(1725, 'D2.18', 6, '2021', 0),
(1726, 'D2.19', 6, '2021', 0),
(1727, 'D2.2', 6, '2021', 5544),
(1728, 'D2.20', 6, '2021', 3144),
(1729, 'D2.21.22', 6, '2021', 0),
(1730, 'D2.23', 6, '2021', 0),
(1731, 'D2.27', 6, '2021', 0),
(1732, 'D2.28', 6, '2021', 1980),
(1733, 'D2.29', 6, '2021', 0),
(1734, 'D2.30', 6, '2021', 0),
(1735, 'D2.31', 6, '2021', 0),
(1736, 'D2.32', 6, '2021', 3602),
(1737, 'D2.3A', 6, '2021', 0),
(1738, 'D2.3B', 6, '2021', 0),
(1739, 'D2.5', 6, '2021', 6721),
(1740, 'D2.6', 6, '2021', 0),
(1741, 'D2.9', 6, '2021', 4533),
(1742, 'D3.1', 6, '2021', 0),
(1743, 'D3.10', 6, '2021', 0),
(1744, 'D3.11', 6, '2021', 0),
(1745, 'D3.12A', 6, '2021', 0),
(1746, 'D3.12B', 6, '2021', 0),
(1747, 'D3.14', 6, '2021', 0),
(1748, 'D3.15', 6, '2021', 0),
(1749, 'D3.16', 6, '2021', 1546),
(1750, 'D3.17', 6, '2021', 2779),
(1751, 'D3.18', 6, '2021', 0),
(1752, 'D3.19', 6, '2021', 0),
(1753, 'D3.2', 6, '2021', 0),
(1754, 'D3.20', 6, '2021', 0),
(1755, 'D3.21', 6, '2021', 2510),
(1756, 'D3.22', 6, '2021', 0),
(1757, 'D3.23', 6, '2021', 0),
(1758, 'D3.24', 6, '2021', 0),
(1759, 'D3.25', 6, '2021', 0),
(1760, 'D3.26', 6, '2021', 1461),
(1761, 'D3.27', 6, '2021', 0),
(1762, 'D3.28.29', 6, '2021', 0),
(1763, 'D3.30', 6, '2021', 1079),
(1764, 'D3.31', 6, '2021', 0),
(1765, 'D3.3A', 6, '2021', 0),
(1766, 'D3.5', 6, '2021', 2775),
(1767, 'D3.6', 6, '2021', 0),
(1768, 'D3.7', 6, '2021', 0),
(1769, 'D3.8', 6, '2021', 0),
(1770, 'D3.9', 6, '2021', 0),
(1771, 'D4.11', 6, '2021', 0),
(1772, 'D4.12', 6, '2021', 0),
(1773, 'D4.13', 6, '2021', 0),
(1774, 'D4.15', 6, '2021', 0),
(1775, 'D4.16', 6, '2021', 0),
(1776, 'D4.17', 6, '2021', 0),
(1777, 'D4.18', 6, '2021', 0),
(1778, 'D4.19', 6, '2021', 0),
(1779, 'D4.2', 6, '2021', 0),
(1780, 'D4.20', 6, '2021', 0),
(1781, 'D4.21', 6, '2021', 0),
(1782, 'D4.22', 6, '2021', 0),
(1783, 'D4.23', 6, '2021', 0),
(1784, 'D4.24', 6, '2021', 0),
(1785, 'D4.25', 6, '2021', 0),
(1786, 'D4.26', 6, '2021', 0),
(1787, 'D4.27', 6, '2021', 0),
(1788, 'D4.28', 6, '2021', 0),
(1789, 'D4.29', 6, '2021', 0),
(1790, 'D4.3', 6, '2021', 2284),
(1791, 'D4.30', 6, '2021', 0),
(1792, 'D4.31', 6, '2021', 0),
(1793, 'D4.4', 6, '2021', 0),
(1794, 'D4.5', 6, '2021', 608),
(1795, 'D4.6', 6, '2021', 0),
(1796, 'D4.9', 6, '2021', 653),
(1797, 'E.1', 6, '2021', 0),
(1798, 'E.10', 6, '2021', 108),
(1799, 'E.11', 6, '2021', 2101),
(1800, 'E.12A', 6, '2021', 2701),
(1801, 'E.12B', 6, '2021', 0),
(1802, 'E.14', 6, '2021', 1),
(1803, 'E.16', 6, '2021', 0),
(1804, 'E.17', 6, '2021', 0),
(1805, 'E.18', 6, '2021', 2091),
(1806, 'E.19', 6, '2021', 0),
(1807, 'E.2', 6, '2021', 0),
(1808, 'E.21', 6, '2021', 0),
(1809, 'E.22', 6, '2021', 4005),
(1810, 'E.23', 6, '2021', 0),
(1811, 'E.24', 6, '2021', 398),
(1812, 'E.25', 6, '2021', 3818),
(1813, 'E.26', 6, '2021', 0),
(1814, 'E.3A', 6, '2021', 0),
(1815, 'E.3B', 6, '2021', 0),
(1816, 'E.5A', 6, '2021', 788),
(1817, 'E.5B', 6, '2021', 0),
(1818, 'E.6', 6, '2021', 0),
(1819, 'E.7A', 6, '2021', 0),
(1820, 'E.7B', 6, '2021', 8880),
(1821, 'E.8', 6, '2021', 2454),
(1822, 'E.9A', 6, '2021', 0),
(1823, 'E.9B', 6, '2021', 568),
(1824, 'E.9C', 6, '2021', 0),
(1825, 'F.10', 6, '2021', 0),
(1826, 'F.11', 6, '2021', 0),
(1827, 'F.12A', 6, '2021', 0),
(1828, 'F.12B', 6, '2021', 0),
(1829, 'F.14', 6, '2021', 663),
(1830, 'F.15', 6, '2021', 247),
(1831, 'F.2', 6, '2021', 0),
(1832, 'F.3A', 6, '2021', 0),
(1833, 'F.3B', 6, '2021', 0),
(1834, 'F.5', 6, '2021', 0),
(1835, 'F.6', 6, '2021', 0),
(1836, 'F.7', 6, '2021', 0),
(1837, 'F.8', 6, '2021', 0),
(1838, 'F.9', 6, '2021', 2625),
(1839, 'G.1', 6, '2021', 0),
(1840, 'G.2', 6, '2021', 0),
(1841, 'G.3', 6, '2021', 0),
(1842, 'A.1', 7, '2021', 4097),
(1843, 'A.10.11', 7, '2021', 3970),
(1844, 'A.12.13', 7, '2021', 4998),
(1845, 'A.14.15', 7, '2021', 0),
(1846, 'A.16', 7, '2021', 0),
(1847, 'A.17', 7, '2021', 0),
(1848, 'A.18', 7, '2021', 0),
(1849, 'A.19', 7, '2021', 0),
(1850, 'A.2', 7, '2021', 0),
(1851, 'A.20', 7, '2021', 0),
(1852, 'A.21', 7, '2021', 0),
(1853, 'A.23', 7, '2021', 0),
(1854, 'A.24', 7, '2021', 1),
(1855, 'A.3', 7, '2021', 0),
(1856, 'A.4.5', 7, '2021', 0),
(1857, 'A.8.9', 7, '2021', 0),
(1858, 'B.1', 7, '2021', 1266),
(1859, 'B.10', 7, '2021', 0),
(1860, 'B.11', 7, '2021', 2869),
(1861, 'B.12', 7, '2021', 0),
(1862, 'B.2', 7, '2021', 3922),
(1863, 'B.3', 7, '2021', 0),
(1864, 'B.4', 7, '2021', 0),
(1865, 'B.5', 7, '2021', 0),
(1866, 'B.6', 7, '2021', 0),
(1867, 'B.8', 7, '2021', 0),
(1868, 'B.9', 7, '2021', 2420),
(1869, 'B2.1', 7, '2021', 0),
(1870, 'B2.10', 7, '2021', 0),
(1871, 'B2.12A', 7, '2021', 271),
(1872, 'B2.16', 7, '2021', 3211),
(1873, 'B2.2', 7, '2021', 3951),
(1874, 'B2.3', 7, '2021', 0),
(1875, 'B2.4', 7, '2021', 0),
(1876, 'B2.5', 7, '2021', 0),
(1877, 'B2.6', 7, '2021', 0),
(1878, 'B2.7', 7, '2021', 157),
(1879, 'B2.8', 7, '2021', 1),
(1880, 'B2.9', 7, '2021', 0),
(1881, 'BA.1', 7, '2021', 0),
(1882, 'BA.10', 7, '2021', 0),
(1883, 'BA.11', 7, '2021', 0),
(1884, 'BA.12A', 7, '2021', 1),
(1885, 'BA.12B', 7, '2021', 0),
(1886, 'BA.14', 7, '2021', 0),
(1887, 'BA.16', 7, '2021', 5206),
(1888, 'BA.17', 7, '2021', 0),
(1889, 'BA.18', 7, '2021', 0),
(1890, 'BA.19', 7, '2021', 1242),
(1891, 'BA.2', 7, '2021', 0),
(1892, 'BA.20', 7, '2021', 1),
(1893, 'BA.21', 7, '2021', 0),
(1894, 'BA.22', 7, '2021', 0),
(1895, 'BA.23', 7, '2021', 0),
(1896, 'BA.24', 7, '2021', 0),
(1897, 'BA.25', 7, '2021', 0),
(1898, 'BA.26', 7, '2021', 4571),
(1899, 'BA.27', 7, '2021', 7705),
(1900, 'BA.28', 7, '2021', 0),
(1901, 'BA.29', 7, '2021', 0),
(1902, 'BA.30', 7, '2021', 0),
(1903, 'BA.31', 7, '2021', 0),
(1904, 'BA.32a.36a', 7, '2021', 0),
(1905, 'BA.32b', 7, '2021', 0),
(1906, 'BA.33A', 7, '2021', 0),
(1907, 'BA.33B', 7, '2021', 0),
(1908, 'BA.34', 7, '2021', 0),
(1909, 'BA.35', 7, '2021', 0),
(1910, 'BA.36b', 7, '2021', 0),
(1911, 'BA.37A', 7, '2021', 0),
(1912, 'BA.37B', 7, '2021', 0),
(1913, 'BA.38', 7, '2021', 0),
(1914, 'BA.39', 7, '2021', 550),
(1915, 'BA.3A', 7, '2021', 0),
(1916, 'BA.3b', 7, '2021', 0),
(1917, 'BA.40', 7, '2021', 0),
(1918, 'BA.41', 7, '2021', 0),
(1919, 'BA.42', 7, '2021', 898),
(1920, 'BA.43', 7, '2021', 0),
(1921, 'BA.44', 7, '2021', 0),
(1922, 'BA.45', 7, '2021', 0),
(1923, 'BA.46', 7, '2021', 0),
(1924, 'BA.47', 7, '2021', 0),
(1925, 'BA.48', 7, '2021', 0),
(1926, 'BA.49', 7, '2021', 0),
(1927, 'BA.5', 7, '2021', 0),
(1928, 'BA.50', 7, '2021', 0),
(1929, 'BA.51', 7, '2021', 0),
(1930, 'BA.52', 7, '2021', 1480),
(1931, 'BA.53', 7, '2021', 0),
(1932, 'BA.54', 7, '2021', 0),
(1933, 'BA.55', 7, '2021', 3235),
(1934, 'BA.56', 7, '2021', 0),
(1935, 'BA.57', 7, '2021', 3130),
(1936, 'BA.58', 7, '2021', 0),
(1937, 'BA.59', 7, '2021', 0),
(1938, 'BA.6', 7, '2021', 0),
(1939, 'BA.60', 7, '2021', 0),
(1940, 'BA.7', 7, '2021', 1529),
(1941, 'BA.8', 7, '2021', 0),
(1942, 'BA.9', 7, '2021', 0),
(1943, 'C.1', 7, '2021', 0),
(1944, 'C.10', 7, '2021', 0),
(1945, 'C.11', 7, '2021', 0),
(1946, 'C.12', 7, '2021', 46),
(1947, 'C.12AB', 7, '2021', 0),
(1948, 'C.15', 7, '2021', 0),
(1949, 'C.16', 7, '2021', 2079),
(1950, 'C.17', 7, '2021', 0),
(1951, 'C.2', 7, '2021', 0),
(1952, 'C.3', 7, '2021', 0),
(1953, 'C.4', 7, '2021', 0),
(1954, 'C.5', 7, '2021', 0),
(1955, 'C.6', 7, '2021', 0),
(1956, 'C.7', 7, '2021', 0),
(1957, 'C.7A', 7, '2021', 750),
(1958, 'C.7B', 7, '2021', 0),
(1959, 'C.8', 7, '2021', 454),
(1960, 'C.9', 7, '2021', 0),
(1961, 'D1.10.11', 7, '2021', 0),
(1962, 'D1.12', 7, '2021', 0),
(1963, 'D1.12A', 7, '2021', 0),
(1964, 'D1.14', 7, '2021', 0),
(1965, 'D1.15.16', 7, '2021', 0),
(1966, 'D1.17', 7, '2021', 0),
(1967, 'D1.18', 7, '2021', 0),
(1968, 'D1.19', 7, '2021', 0),
(1969, 'D1.2', 7, '2021', 0),
(1970, 'D1.20', 7, '2021', 0),
(1971, 'D1.3', 7, '2021', 1752),
(1972, 'D1.4', 7, '2021', 0),
(1973, 'D1.5', 7, '2021', 0),
(1974, 'D1.6', 7, '2021', 0),
(1975, 'D1.7', 7, '2021', 0),
(1976, 'D1.8', 7, '2021', 7949),
(1977, 'D1.9', 7, '2021', 0),
(1978, 'D2 24 ', 7, '2021', 0),
(1979, 'D2.1', 7, '2021', 0),
(1980, 'D2.10', 7, '2021', 0),
(1981, 'D2.11', 7, '2021', 0),
(1982, 'D2.12', 7, '2021', 0),
(1983, 'D2.12A', 7, '2021', 0),
(1984, 'D2.14', 7, '2021', 0),
(1985, 'D2.15', 7, '2021', 1129),
(1986, 'D2.16', 7, '2021', 0),
(1987, 'D2.17', 7, '2021', 1564),
(1988, 'D2.18', 7, '2021', 1702),
(1989, 'D2.19', 7, '2021', 0),
(1990, 'D2.2', 7, '2021', 5559),
(1991, 'D2.20', 7, '2021', 3144),
(1992, 'D2.21.22', 7, '2021', 0),
(1993, 'D2.23', 7, '2021', 0),
(1994, 'D2.27', 7, '2021', 0),
(1995, 'D2.28', 7, '2021', 1980),
(1996, 'D2.29', 7, '2021', 0),
(1997, 'D2.30', 7, '2021', 0),
(1998, 'D2.31', 7, '2021', 0),
(1999, 'D2.32', 7, '2021', 3620),
(2000, 'D2.3A', 7, '2021', 4547),
(2001, 'D2.3B', 7, '2021', 0),
(2002, 'D2.5', 7, '2021', 6721),
(2003, 'D2.6', 7, '2021', 0),
(2004, 'D2.9', 7, '2021', 4533),
(2005, 'D3.1', 7, '2021', 2423),
(2006, 'D3.10', 7, '2021', 0),
(2007, 'D3.11', 7, '2021', 0),
(2008, 'D3.12A', 7, '2021', 0),
(2009, 'D3.12B', 7, '2021', 0),
(2010, 'D3.14', 7, '2021', 0),
(2011, 'D3.15', 7, '2021', 0),
(2012, 'D3.16', 7, '2021', 1588),
(2013, 'D3.17', 7, '2021', 2779),
(2014, 'D3.18', 7, '2021', 0),
(2015, 'D3.19', 7, '2021', 0),
(2016, 'D3.2', 7, '2021', 0);
INSERT INTO `meteran` (`idmeteran`, `idrumah`, `bulan`, `tahun`, `angkameteran`) VALUES
(2017, 'D3.20', 7, '2021', 0),
(2018, 'D3.21', 7, '2021', 2537),
(2019, 'D3.22', 7, '2021', 0),
(2020, 'D3.23', 7, '2021', 0),
(2021, 'D3.24', 7, '2021', 0),
(2022, 'D3.25', 7, '2021', 0),
(2023, 'D3.26', 7, '2021', 1461),
(2024, 'D3.27', 7, '2021', 0),
(2025, 'D3.28.29', 7, '2021', 0),
(2026, 'D3.30', 7, '2021', 1079),
(2027, 'D3.31', 7, '2021', 0),
(2028, 'D3.3A', 7, '2021', 1131),
(2029, 'D3.5', 7, '2021', 2825),
(2030, 'D3.6', 7, '2021', 0),
(2031, 'D3.7', 7, '2021', 0),
(2032, 'D3.8', 7, '2021', 0),
(2033, 'D3.9', 7, '2021', 0),
(2034, 'D4.11', 7, '2021', 0),
(2035, 'D4.12', 7, '2021', 0),
(2036, 'D4.13', 7, '2021', 0),
(2037, 'D4.15', 7, '2021', 1460),
(2038, 'D4.16', 7, '2021', 0),
(2039, 'D4.17', 7, '2021', 0),
(2040, 'D4.18', 7, '2021', 0),
(2041, 'D4.19', 7, '2021', 0),
(2042, 'D4.2', 7, '2021', 0),
(2043, 'D4.20', 7, '2021', 0),
(2044, 'D4.21', 7, '2021', 0),
(2045, 'D4.22', 7, '2021', 0),
(2046, 'D4.23', 7, '2021', 730),
(2047, 'D4.24', 7, '2021', 0),
(2048, 'D4.25', 7, '2021', 0),
(2049, 'D4.26', 7, '2021', 0),
(2050, 'D4.27', 7, '2021', 0),
(2051, 'D4.28', 7, '2021', 0),
(2052, 'D4.29', 7, '2021', 0),
(2053, 'D4.3', 7, '2021', 2284),
(2054, 'D4.30', 7, '2021', 0),
(2055, 'D4.31', 7, '2021', 0),
(2056, 'D4.4', 7, '2021', 0),
(2057, 'D4.5', 7, '2021', 608),
(2058, 'D4.6', 7, '2021', 0),
(2059, 'D4.9', 7, '2021', 653),
(2060, 'E.1', 7, '2021', 0),
(2061, 'E.10', 7, '2021', 108),
(2062, 'E.11', 7, '2021', 2101),
(2063, 'E.12A', 7, '2021', 2701),
(2064, 'E.12B', 7, '2021', 1),
(2065, 'E.14', 7, '2021', 1),
(2066, 'E.16', 7, '2021', 0),
(2067, 'E.17', 7, '2021', 0),
(2068, 'E.18', 7, '2021', 2091),
(2069, 'E.19', 7, '2021', 0),
(2070, 'E.2', 7, '2021', 0),
(2071, 'E.21', 7, '2021', 0),
(2072, 'E.22', 7, '2021', 4035),
(2073, 'E.23', 7, '2021', 0),
(2074, 'E.24', 7, '2021', 426),
(2075, 'E.25', 7, '2021', 3837),
(2076, 'E.26', 7, '2021', 0),
(2077, 'E.3A', 7, '2021', 0),
(2078, 'E.3B', 7, '2021', 0),
(2079, 'E.5A', 7, '2021', 788),
(2080, 'E.5B', 7, '2021', 0),
(2081, 'E.6', 7, '2021', 0),
(2082, 'E.7A', 7, '2021', 0),
(2083, 'E.7B', 7, '2021', 8880),
(2084, 'E.8', 7, '2021', 2474),
(2085, 'E.9A', 7, '2021', 0),
(2086, 'E.9B', 7, '2021', 568),
(2087, 'E.9C', 7, '2021', 0),
(2088, 'F.10', 7, '2021', 0),
(2089, 'F.11', 7, '2021', 0),
(2090, 'F.12A', 7, '2021', 0),
(2091, 'F.12B', 7, '2021', 0),
(2092, 'F.14', 7, '2021', 663),
(2093, 'F.15', 7, '2021', 247),
(2094, 'F.2', 7, '2021', 0),
(2095, 'F.3A', 7, '2021', 0),
(2096, 'F.3B', 7, '2021', 0),
(2097, 'F.5', 7, '2021', 0),
(2098, 'F.6', 7, '2021', 0),
(2099, 'F.7', 7, '2021', 0),
(2100, 'F.8', 7, '2021', 0),
(2101, 'F.9', 7, '2021', 2657),
(2102, 'G.1', 7, '2021', 0),
(2103, 'G.2', 7, '2021', 0),
(2104, 'G.3', 7, '2021', 0),
(2105, 'A.1', 8, '2021', 4097),
(2106, 'A.10.11', 8, '2021', 3970),
(2107, 'A.12.13', 8, '2021', 5033),
(2108, 'A.14.15', 8, '2021', 0),
(2109, 'A.16', 8, '2021', 0),
(2110, 'A.17', 8, '2021', 0),
(2111, 'A.18', 8, '2021', 0),
(2112, 'A.19', 8, '2021', 0),
(2113, 'A.2', 8, '2021', 0),
(2114, 'A.20', 8, '2021', 0),
(2115, 'A.21', 8, '2021', 0),
(2116, 'A.23', 8, '2021', 0),
(2117, 'A.24', 8, '2021', 1),
(2118, 'A.3', 8, '2021', 0),
(2119, 'A.4.5', 8, '2021', 0),
(2120, 'A.8.9', 8, '2021', 142),
(2121, 'B.1', 8, '2021', 1266),
(2122, 'B.10', 8, '2021', 1577),
(2123, 'B.11', 8, '2021', 2869),
(2124, 'B.12', 8, '2021', 0),
(2125, 'B.2', 8, '2021', 3922),
(2126, 'B.3', 8, '2021', 0),
(2127, 'B.4', 8, '2021', 1617),
(2128, 'B.5', 8, '2021', 0),
(2129, 'B.6', 8, '2021', 0),
(2130, 'B.8', 8, '2021', 0),
(2131, 'B.9', 8, '2021', 2430),
(2132, 'B2.1', 8, '2021', 0),
(2133, 'B2.10', 8, '2021', 0),
(2134, 'B2.12A', 8, '2021', 271),
(2135, 'B2.16', 8, '2021', 3336),
(2136, 'B2.2', 8, '2021', 3969),
(2137, 'B2.3', 8, '2021', 0),
(2138, 'B2.4', 8, '2021', 0),
(2139, 'B2.5', 8, '2021', 0),
(2140, 'B2.6', 8, '2021', 0),
(2141, 'B2.7', 8, '2021', 157),
(2142, 'B2.8', 8, '2021', 1),
(2143, 'B2.9', 8, '2021', 0),
(2144, 'BA.1', 8, '2021', 0),
(2145, 'BA.10', 8, '2021', 0),
(2146, 'BA.11', 8, '2021', 0),
(2147, 'BA.12A', 8, '2021', 1),
(2148, 'BA.12B', 8, '2021', 0),
(2149, 'BA.14', 8, '2021', 0),
(2150, 'BA.16', 8, '2021', 5231),
(2151, 'BA.17', 8, '2021', 0),
(2152, 'BA.18', 8, '2021', 0),
(2153, 'BA.19', 8, '2021', 1258),
(2154, 'BA.2', 8, '2021', 0),
(2155, 'BA.20', 8, '2021', 1),
(2156, 'BA.21', 8, '2021', 0),
(2157, 'BA.22', 8, '2021', 0),
(2158, 'BA.23', 8, '2021', 0),
(2159, 'BA.24', 8, '2021', 0),
(2160, 'BA.25', 8, '2021', 0),
(2161, 'BA.26', 8, '2021', 4571),
(2162, 'BA.27', 8, '2021', 7773),
(2163, 'BA.28', 8, '2021', 0),
(2164, 'BA.29', 8, '2021', 0),
(2165, 'BA.30', 8, '2021', 0),
(2166, 'BA.31', 8, '2021', 0),
(2167, 'BA.32a.36a', 8, '2021', 0),
(2168, 'BA.32b', 8, '2021', 0),
(2169, 'BA.33A', 8, '2021', 0),
(2170, 'BA.33B', 8, '2021', 0),
(2171, 'BA.34', 8, '2021', 0),
(2172, 'BA.35', 8, '2021', 0),
(2173, 'BA.36b', 8, '2021', 0),
(2174, 'BA.37A', 8, '2021', 0),
(2175, 'BA.37B', 8, '2021', 0),
(2176, 'BA.38', 8, '2021', 0),
(2177, 'BA.39', 8, '2021', 550),
(2178, 'BA.3A', 8, '2021', 0),
(2179, 'BA.3b', 8, '2021', 0),
(2180, 'BA.40', 8, '2021', 0),
(2181, 'BA.41', 8, '2021', 0),
(2182, 'BA.42', 8, '2021', 898),
(2183, 'BA.43', 8, '2021', 0),
(2184, 'BA.44', 8, '2021', 4406),
(2185, 'BA.45', 8, '2021', 0),
(2186, 'BA.46', 8, '2021', 0),
(2187, 'BA.47', 8, '2021', 0),
(2188, 'BA.48', 8, '2021', 0),
(2189, 'BA.49', 8, '2021', 0),
(2190, 'BA.5', 8, '2021', 0),
(2191, 'BA.50', 8, '2021', 1745),
(2192, 'BA.51', 8, '2021', 0),
(2193, 'BA.52', 8, '2021', 1480),
(2194, 'BA.53', 8, '2021', 0),
(2195, 'BA.54', 8, '2021', 0),
(2196, 'BA.55', 8, '2021', 3235),
(2197, 'BA.56', 8, '2021', 2166),
(2198, 'BA.57', 8, '2021', 3130),
(2199, 'BA.58', 8, '2021', 0),
(2200, 'BA.59', 8, '2021', 0),
(2201, 'BA.6', 8, '2021', 0),
(2202, 'BA.60', 8, '2021', 0),
(2203, 'BA.7', 8, '2021', 1538),
(2204, 'BA.8', 8, '2021', 0),
(2205, 'BA.9', 8, '2021', 0),
(2206, 'C.1', 8, '2021', 0),
(2207, 'C.10', 8, '2021', 0),
(2208, 'C.11', 8, '2021', 2866),
(2209, 'C.12', 8, '2021', 46),
(2210, 'C.12AB', 8, '2021', 0),
(2211, 'C.15', 8, '2021', 0),
(2212, 'C.16', 8, '2021', 2107),
(2213, 'C.17', 8, '2021', 0),
(2214, 'C.2', 8, '2021', 0),
(2215, 'C.3', 8, '2021', 0),
(2216, 'C.4', 8, '2021', 2499),
(2217, 'C.5', 8, '2021', 0),
(2218, 'C.6', 8, '2021', 0),
(2219, 'C.7', 8, '2021', 0),
(2220, 'C.7A', 8, '2021', 750),
(2221, 'C.7B', 8, '2021', 0),
(2222, 'C.8', 8, '2021', 454),
(2223, 'C.9', 8, '2021', 0),
(2224, 'D1.10.11', 8, '2021', 0),
(2225, 'D1.12', 8, '2021', 0),
(2226, 'D1.12A', 8, '2021', 0),
(2227, 'D1.14', 8, '2021', 0),
(2228, 'D1.15.16', 8, '2021', 0),
(2229, 'D1.17', 8, '2021', 0),
(2230, 'D1.18', 8, '2021', 1177),
(2231, 'D1.19', 8, '2021', 0),
(2232, 'D1.2', 8, '2021', 0),
(2233, 'D1.20', 8, '2021', 0),
(2234, 'D1.3', 8, '2021', 1762),
(2235, 'D1.4', 8, '2021', 0),
(2236, 'D1.5', 8, '2021', 0),
(2237, 'D1.6', 8, '2021', 0),
(2238, 'D1.7', 8, '2021', 2754),
(2239, 'D1.8', 8, '2021', 7978),
(2240, 'D1.9', 8, '2021', 0),
(2241, 'D2 24 ', 8, '2021', 0),
(2242, 'D2.1', 8, '2021', 0),
(2243, 'D2.10', 8, '2021', 0),
(2244, 'D2.11', 8, '2021', 0),
(2245, 'D2.12', 8, '2021', 0),
(2246, 'D2.12A', 8, '2021', 0),
(2247, 'D2.14', 8, '2021', 0),
(2248, 'D2.15', 8, '2021', 1129),
(2249, 'D2.16', 8, '2021', 0),
(2250, 'D2.17', 8, '2021', 1604),
(2251, 'D2.18', 8, '2021', 1702),
(2252, 'D2.19', 8, '2021', 0),
(2253, 'D2.2', 8, '2021', 5576),
(2254, 'D2.20', 8, '2021', 3181),
(2255, 'D2.21.22', 8, '2021', 2005),
(2256, 'D2.23', 8, '2021', 3052),
(2257, 'D2.27', 8, '2021', 0),
(2258, 'D2.28', 8, '2021', 1980),
(2259, 'D2.29', 8, '2021', 1637),
(2260, 'D2.30', 8, '2021', 0),
(2261, 'D2.31', 8, '2021', 0),
(2262, 'D2.32', 8, '2021', 3643),
(2263, 'D2.3A', 8, '2021', 4577),
(2264, 'D2.3B', 8, '2021', 0),
(2265, 'D2.5', 8, '2021', 6721),
(2266, 'D2.6', 8, '2021', 0),
(2267, 'D2.9', 8, '2021', 5425),
(2268, 'D3.1', 8, '2021', 2433),
(2269, 'D3.10', 8, '2021', 0),
(2270, 'D3.11', 8, '2021', 0),
(2271, 'D3.12A', 8, '2021', 626),
(2272, 'D3.12B', 8, '2021', 2265),
(2273, 'D3.14', 8, '2021', 0),
(2274, 'D3.15', 8, '2021', 1899),
(2275, 'D3.16', 8, '2021', 1601),
(2276, 'D3.17', 8, '2021', 2779),
(2277, 'D3.18', 8, '2021', 0),
(2278, 'D3.19', 8, '2021', 0),
(2279, 'D3.2', 8, '2021', 0),
(2280, 'D3.20', 8, '2021', 0),
(2281, 'D3.21', 8, '2021', 2564),
(2282, 'D3.22', 8, '2021', 0),
(2283, 'D3.23', 8, '2021', 0),
(2284, 'D3.24', 8, '2021', 0),
(2285, 'D3.25', 8, '2021', 0),
(2286, 'D3.26', 8, '2021', 1461),
(2287, 'D3.27', 8, '2021', 0),
(2288, 'D3.28.29', 8, '2021', 0),
(2289, 'D3.30', 8, '2021', 1079),
(2290, 'D3.31', 8, '2021', 0),
(2291, 'D3.3A', 8, '2021', 1135),
(2292, 'D3.5', 8, '2021', 2859),
(2293, 'D3.6', 8, '2021', 0),
(2294, 'D3.7', 8, '2021', 0),
(2295, 'D3.8', 8, '2021', 0),
(2296, 'D3.9', 8, '2021', 0),
(2297, 'D4.11', 8, '2021', 0),
(2298, 'D4.12', 8, '2021', 0),
(2299, 'D4.13', 8, '2021', 0),
(2300, 'D4.15', 8, '2021', 1470),
(2301, 'D4.16', 8, '2021', 0),
(2302, 'D4.17', 8, '2021', 0),
(2303, 'D4.18', 8, '2021', 0),
(2304, 'D4.19', 8, '2021', 3604),
(2305, 'D4.2', 8, '2021', 0),
(2306, 'D4.20', 8, '2021', 0),
(2307, 'D4.21', 8, '2021', 0),
(2308, 'D4.22', 8, '2021', 0),
(2309, 'D4.23', 8, '2021', 730),
(2310, 'D4.24', 8, '2021', 0),
(2311, 'D4.25', 8, '2021', 0),
(2312, 'D4.26', 8, '2021', 0),
(2313, 'D4.27', 8, '2021', 0),
(2314, 'D4.28', 8, '2021', 0),
(2315, 'D4.29', 8, '2021', 0),
(2316, 'D4.3', 8, '2021', 2284),
(2317, 'D4.30', 8, '2021', 0),
(2318, 'D4.31', 8, '2021', 0),
(2319, 'D4.4', 8, '2021', 0),
(2320, 'D4.5', 8, '2021', 608),
(2321, 'D4.6', 8, '2021', 0),
(2322, 'D4.9', 8, '2021', 653),
(2323, 'E.1', 8, '2021', 0),
(2324, 'E.10', 8, '2021', 108),
(2325, 'E.11', 8, '2021', 2101),
(2326, 'E.12A', 8, '2021', 2701),
(2327, 'E.12B', 8, '2021', 1),
(2328, 'E.14', 8, '2021', 1),
(2329, 'E.16', 8, '2021', 0),
(2330, 'E.17', 8, '2021', 0),
(2331, 'E.18', 8, '2021', 2091),
(2332, 'E.19', 8, '2021', 0),
(2333, 'E.2', 8, '2021', 0),
(2334, 'E.21', 8, '2021', 0),
(2335, 'E.22', 8, '2021', 4069),
(2336, 'E.23', 8, '2021', 3375),
(2337, 'E.24', 8, '2021', 454),
(2338, 'E.25', 8, '2021', 3852),
(2339, 'E.26', 8, '2021', 0),
(2340, 'E.3A', 8, '2021', 0),
(2341, 'E.3B', 8, '2021', 0),
(2342, 'E.5A', 8, '2021', 808),
(2343, 'E.5B', 8, '2021', 0),
(2344, 'E.6', 8, '2021', 0),
(2345, 'E.7A', 8, '2021', 0),
(2346, 'E.7B', 8, '2021', 8880),
(2347, 'E.8', 8, '2021', 2493),
(2348, 'E.9A', 8, '2021', 0),
(2349, 'E.9B', 8, '2021', 568),
(2350, 'E.9C', 8, '2021', 0),
(2351, 'F.10', 8, '2021', 0),
(2352, 'F.11', 8, '2021', 0),
(2353, 'F.12A', 8, '2021', 0),
(2354, 'F.12B', 8, '2021', 0),
(2355, 'F.14', 8, '2021', 663),
(2356, 'F.15', 8, '2021', 247),
(2357, 'F.2', 8, '2021', 0),
(2358, 'F.3A', 8, '2021', 1589),
(2359, 'F.3B', 8, '2021', 0),
(2360, 'F.5', 8, '2021', 0),
(2361, 'F.6', 8, '2021', 0),
(2362, 'F.7', 8, '2021', 2111),
(2363, 'F.8', 8, '2021', 0),
(2364, 'F.9', 8, '2021', 2679),
(2365, 'G.1', 8, '2021', 0),
(2366, 'G.2', 8, '2021', 1397),
(2367, 'G.3', 8, '2021', 0),
(2368, 'A.1', 9, '2021', 4097),
(2369, 'A.10.11', 9, '2021', 3970),
(2370, 'A.12.13', 9, '2021', 5066),
(2371, 'A.14.15', 9, '2021', 0),
(2372, 'A.16', 9, '2021', 0),
(2373, 'A.17', 9, '2021', 0),
(2374, 'A.18', 9, '2021', 0),
(2375, 'A.19', 9, '2021', 0),
(2376, 'A.2', 9, '2021', 0),
(2377, 'A.20', 9, '2021', 0),
(2378, 'A.21', 9, '2021', 521),
(2379, 'A.23', 9, '2021', 0),
(2380, 'A.24', 9, '2021', 1),
(2381, 'A.3', 9, '2021', 0),
(2382, 'A.4.5', 9, '2021', 0),
(2383, 'A.8.9', 9, '2021', 157),
(2384, 'B.1', 9, '2021', 1266),
(2385, 'B.10', 9, '2021', 1589),
(2386, 'B.11', 9, '2021', 2869),
(2387, 'B.12', 9, '2021', 0),
(2388, 'B.2', 9, '2021', 3925),
(2389, 'B.3', 9, '2021', 0),
(2390, 'B.4', 9, '2021', 1656),
(2391, 'B.5', 9, '2021', 2163),
(2392, 'B.6', 9, '2021', 0),
(2393, 'B.8', 9, '2021', 0),
(2394, 'B.9', 9, '2021', 2435),
(2395, 'B2.1', 9, '2021', 0),
(2396, 'B2.10', 9, '2021', 30),
(2397, 'B2.12A', 9, '2021', 271),
(2398, 'B2.16', 9, '2021', 3461),
(2399, 'B2.2', 9, '2021', 3987),
(2400, 'B2.3', 9, '2021', 0),
(2401, 'B2.4', 9, '2021', 0),
(2402, 'B2.5', 9, '2021', 0),
(2403, 'B2.6', 9, '2021', 0),
(2404, 'B2.7', 9, '2021', 157),
(2405, 'B2.8', 9, '2021', 1),
(2406, 'B2.9', 9, '2021', 2097),
(2407, 'BA.1', 9, '2021', 0),
(2408, 'BA.10', 9, '2021', 0),
(2409, 'BA.11', 9, '2021', 0),
(2410, 'BA.12A', 9, '2021', 1),
(2411, 'BA.12B', 9, '2021', 3222),
(2412, 'BA.14', 9, '2021', 1836),
(2413, 'BA.16', 9, '2021', 5266),
(2414, 'BA.17', 9, '2021', 0),
(2415, 'BA.18', 9, '2021', 3422),
(2416, 'BA.19', 9, '2021', 1262),
(2417, 'BA.2', 9, '2021', 0),
(2418, 'BA.20', 9, '2021', 9),
(2419, 'BA.21', 9, '2021', 0),
(2420, 'BA.22', 9, '2021', 4075),
(2421, 'BA.23', 9, '2021', 0),
(2422, 'BA.24', 9, '2021', 0),
(2423, 'BA.25', 9, '2021', 0),
(2424, 'BA.26', 9, '2021', 5),
(2425, 'BA.27', 9, '2021', 7855),
(2426, 'BA.28', 9, '2021', 0),
(2427, 'BA.29', 9, '2021', 0),
(2428, 'BA.30', 9, '2021', 0),
(2429, 'BA.31', 9, '2021', 707),
(2430, 'BA.32a.36a', 9, '2021', 656),
(2431, 'BA.32b', 9, '2021', 0),
(2432, 'BA.33A', 9, '2021', 761),
(2433, 'BA.33B', 9, '2021', 0),
(2434, 'BA.34', 9, '2021', 0),
(2435, 'BA.35', 9, '2021', 0),
(2436, 'BA.36b', 9, '2021', 0),
(2437, 'BA.37A', 9, '2021', 0),
(2438, 'BA.37B', 9, '2021', 0),
(2439, 'BA.38', 9, '2021', 3057),
(2440, 'BA.39', 9, '2021', 550),
(2441, 'BA.3A', 9, '2021', 0),
(2442, 'BA.3b', 9, '2021', 0),
(2443, 'BA.40', 9, '2021', 0),
(2444, 'BA.41', 9, '2021', 0),
(2445, 'BA.42', 9, '2021', 898),
(2446, 'BA.43', 9, '2021', 382),
(2447, 'BA.44', 9, '2021', 4445),
(2448, 'BA.45', 9, '2021', 0),
(2449, 'BA.46', 9, '2021', 0),
(2450, 'BA.47', 9, '2021', 558),
(2451, 'BA.48', 9, '2021', 0),
(2452, 'BA.49', 9, '2021', 0),
(2453, 'BA.5', 9, '2021', 0),
(2454, 'BA.50', 9, '2021', 1745),
(2455, 'BA.51', 9, '2021', 0),
(2456, 'BA.52', 9, '2021', 1480),
(2457, 'BA.53', 9, '2021', 0),
(2458, 'BA.54', 9, '2021', 2296),
(2459, 'BA.55', 9, '2021', 3235),
(2460, 'BA.56', 9, '2021', 2127),
(2461, 'BA.57', 9, '2021', 3130),
(2462, 'BA.58', 9, '2021', 0),
(2463, 'BA.59', 9, '2021', 0),
(2464, 'BA.6', 9, '2021', 1185),
(2465, 'BA.60', 9, '2021', 47),
(2466, 'BA.7', 9, '2021', 1542),
(2467, 'BA.8', 9, '2021', 0),
(2468, 'BA.9', 9, '2021', 514),
(2469, 'C.1', 9, '2021', 2764),
(2470, 'C.10', 9, '2021', 0),
(2471, 'C.11', 9, '2021', 2866),
(2472, 'C.12', 9, '2021', 46),
(2473, 'C.12AB', 9, '2021', 0),
(2474, 'C.15', 9, '2021', 2772),
(2475, 'C.16', 9, '2021', 2107),
(2476, 'C.17', 9, '2021', 1124),
(2477, 'C.2', 9, '2021', 2889),
(2478, 'C.3', 9, '2021', 0),
(2479, 'C.4', 9, '2021', 2499),
(2480, 'C.5', 9, '2021', 4437),
(2481, 'C.6', 9, '2021', 0),
(2482, 'C.7', 9, '2021', 0),
(2483, 'C.7A', 9, '2021', 750),
(2484, 'C.7B', 9, '2021', 3427),
(2485, 'C.8', 9, '2021', 454),
(2486, 'C.9', 9, '2021', 0),
(2487, 'D1.10.11', 9, '2021', 0),
(2488, 'D1.12', 9, '2021', 0),
(2489, 'D1.12A', 9, '2021', 4140),
(2490, 'D1.14', 9, '2021', 0),
(2491, 'D1.15.16', 9, '2021', 1),
(2492, 'D1.17', 9, '2021', 8543),
(2493, 'D1.18', 9, '2021', 1211),
(2494, 'D1.19', 9, '2021', 4417),
(2495, 'D1.2', 9, '2021', 840),
(2496, 'D1.20', 9, '2021', 0),
(2497, 'D1.3', 9, '2021', 1787),
(2498, 'D1.4', 9, '2021', 0),
(2499, 'D1.5', 9, '2021', 0),
(2500, 'D1.6', 9, '2021', 0),
(2501, 'D1.7', 9, '2021', 2759),
(2502, 'D1.8', 9, '2021', 8006),
(2503, 'D1.9', 9, '2021', 3026),
(2504, 'D2 24 ', 9, '2021', 4165),
(2505, 'D2.1', 9, '2021', 0),
(2506, 'D2.10', 9, '2021', 5292),
(2507, 'D2.11', 9, '2021', 0),
(2508, 'D2.12', 9, '2021', 0),
(2509, 'D2.12A', 9, '2021', 1228),
(2510, 'D2.14', 9, '2021', 1757),
(2511, 'D2.15', 9, '2021', 1129),
(2512, 'D2.16', 9, '2021', 1945),
(2513, 'D2.17', 9, '2021', 1928),
(2514, 'D2.18', 9, '2021', 1702),
(2515, 'D2.19', 9, '2021', 37),
(2516, 'D2.2', 9, '2021', 5591),
(2517, 'D2.20', 9, '2021', 3228),
(2518, 'D2.21.22', 9, '2021', 2005),
(2519, 'D2.23', 9, '2021', 3052),
(2520, 'D2.27', 9, '2021', 0),
(2521, 'D2.28', 9, '2021', 1980),
(2522, 'D2.29', 9, '2021', 1637),
(2523, 'D2.30', 9, '2021', 445),
(2524, 'D2.31', 9, '2021', 0),
(2525, 'D2.32', 9, '2021', 3658),
(2526, 'D2.3A', 9, '2021', 4621),
(2527, 'D2.3B', 9, '2021', 0),
(2528, 'D2.5', 9, '2021', 6721),
(2529, 'D2.6', 9, '2021', 0),
(2530, 'D2.9', 9, '2021', 5466),
(2531, 'D3.1', 9, '2021', 2458),
(2532, 'D3.10', 9, '2021', 0),
(2533, 'D3.11', 9, '2021', 162),
(2534, 'D3.12A', 9, '2021', 682),
(2535, 'D3.12B', 9, '2021', 2315),
(2536, 'D3.14', 9, '2021', 2084),
(2537, 'D3.15', 9, '2021', 1914),
(2538, 'D3.16', 9, '2021', 1616),
(2539, 'D3.17', 9, '2021', 2779),
(2540, 'D3.18', 9, '2021', 0),
(2541, 'D3.19', 9, '2021', 5499),
(2542, 'D3.2', 9, '2021', 895),
(2543, 'D3.20', 9, '2021', 3313),
(2544, 'D3.21', 9, '2021', 2591),
(2545, 'D3.22', 9, '2021', 0),
(2546, 'D3.23', 9, '2021', 791),
(2547, 'D3.24', 9, '2021', 0),
(2548, 'D3.25', 9, '2021', 0),
(2549, 'D3.26', 9, '2021', 1461),
(2550, 'D3.27', 9, '2021', 0),
(2551, 'D3.28.29', 9, '2021', 56),
(2552, 'D3.30', 9, '2021', 1079),
(2553, 'D3.31', 9, '2021', 3780),
(2554, 'D3.3A', 9, '2021', 1140),
(2555, 'D3.5', 9, '2021', 2848),
(2556, 'D3.6', 9, '2021', 0),
(2557, 'D3.7', 9, '2021', 0),
(2558, 'D3.8', 9, '2021', 1163),
(2559, 'D3.9', 9, '2021', 0),
(2560, 'D4.11', 9, '2021', 198),
(2561, 'D4.12', 9, '2021', 251),
(2562, 'D4.13', 9, '2021', 2058),
(2563, 'D4.15', 9, '2021', 1477),
(2564, 'D4.16', 9, '2021', 0),
(2565, 'D4.17', 9, '2021', 602),
(2566, 'D4.18', 9, '2021', 1454),
(2567, 'D4.19', 9, '2021', 3605),
(2568, 'D4.2', 9, '2021', 822),
(2569, 'D4.20', 9, '2021', 0),
(2570, 'D4.21', 9, '2021', 1608),
(2571, 'D4.22', 9, '2021', 1571),
(2572, 'D4.23', 9, '2021', 730),
(2573, 'D4.24', 9, '2021', 0),
(2574, 'D4.25', 9, '2021', 0),
(2575, 'D4.26', 9, '2021', 0),
(2576, 'D4.27', 9, '2021', 1256),
(2577, 'D4.28', 9, '2021', 1623),
(2578, 'D4.29', 9, '2021', 0),
(2579, 'D4.3', 9, '2021', 2284),
(2580, 'D4.30', 9, '2021', 1975),
(2581, 'D4.31', 9, '2021', 886),
(2582, 'D4.4', 9, '2021', 0),
(2583, 'D4.5', 9, '2021', 608),
(2584, 'D4.6', 9, '2021', 0),
(2585, 'D4.9', 9, '2021', 653),
(2586, 'E.1', 9, '2021', 0),
(2587, 'E.10', 9, '2021', 108),
(2588, 'E.11', 9, '2021', 2101),
(2589, 'E.12A', 9, '2021', 2701),
(2590, 'E.12B', 9, '2021', 1),
(2591, 'E.14', 9, '2021', 1),
(2592, 'E.16', 9, '2021', 0),
(2593, 'E.17', 9, '2021', 4426),
(2594, 'E.18', 9, '2021', 2091),
(2595, 'E.19', 9, '2021', 0),
(2596, 'E.2', 9, '2021', 0),
(2597, 'E.21', 9, '2021', 305),
(2598, 'E.22', 9, '2021', 4102),
(2599, 'E.23', 9, '2021', 3375),
(2600, 'E.24', 9, '2021', 482),
(2601, 'E.25', 9, '2021', 3874),
(2602, 'E.26', 9, '2021', 0),
(2603, 'E.3A', 9, '2021', 0),
(2604, 'E.3B', 9, '2021', 0),
(2605, 'E.5A', 9, '2021', 829),
(2606, 'E.5B', 9, '2021', 2671),
(2607, 'E.6', 9, '2021', 0),
(2608, 'E.7A', 9, '2021', 0),
(2609, 'E.7B', 9, '2021', 8880),
(2610, 'E.8', 9, '2021', 2527),
(2611, 'E.9A', 9, '2021', 3289),
(2612, 'E.9B', 9, '2021', 568),
(2613, 'E.9C', 9, '2021', 0),
(2614, 'F.10', 9, '2021', 0),
(2615, 'F.11', 9, '2021', 0),
(2616, 'F.12A', 9, '2021', 1013),
(2617, 'F.12B', 9, '2021', 0),
(2618, 'F.14', 9, '2021', 663),
(2619, 'F.15', 9, '2021', 247),
(2620, 'F.2', 9, '2021', 928),
(2621, 'F.3A', 9, '2021', 1599),
(2622, 'F.3B', 9, '2021', 0),
(2623, 'F.5', 9, '2021', 0),
(2624, 'F.6', 9, '2021', 0),
(2625, 'F.7', 9, '2021', 2123),
(2626, 'F.8', 9, '2021', 0),
(2627, 'F.9', 9, '2021', 2697),
(2628, 'G.1', 9, '2021', 0),
(2629, 'G.2', 9, '2021', 1397),
(2630, 'G.3', 9, '2021', 0),
(2632, 'A.10.11', 10, '2021', 3970),
(2649, 'B.11', 10, '2021', 2869),
(2650, 'B.12', 10, '2021', 33331),
(2715, 'BA.49', 10, '2021', 692),
(2844, 'D4.31', 10, '2021', 902),
(2845, 'D4.4', 10, '2021', 1268),
(2846, 'D4.5', 10, '2021', 608),
(2847, 'D4.6', 10, '2021', 1487),
(2848, 'D4.9', 10, '2021', 653),
(2849, 'E.1', 10, '2021', 2252),
(2850, 'E.10', 10, '2021', 108),
(2851, 'E.11', 10, '2021', 2101),
(2852, 'E.12A', 10, '2021', 2701),
(2853, 'E.12B', 10, '2021', 1),
(2854, 'E.14', 10, '2021', 1),
(2855, 'E.16', 10, '2021', 3567),
(2856, 'E.17', 10, '2021', 4477),
(2857, 'E.18', 10, '2021', 2091),
(2858, 'E.19', 10, '2021', 2893),
(2859, 'E.2', 10, '2021', 2600),
(2860, 'E.21', 10, '2021', 305),
(2861, 'E.22', 10, '2021', 4166),
(2862, 'E.23', 10, '2021', 3375),
(2863, 'E.24', 10, '2021', 514),
(2864, 'E.25', 10, '2021', 3892),
(2865, 'E.26', 10, '2021', 1413),
(2866, 'E.3A', 10, '2021', 1040),
(2867, 'E.3B', 10, '2021', 606),
(2868, 'E.5A', 10, '2021', 844),
(2869, 'E.5B', 10, '2021', 2706),
(2870, 'E.6', 10, '2021', 999),
(2871, 'E.7A', 10, '2021', 1066),
(2872, 'E.7B', 10, '2021', 8880),
(2873, 'E.8', 10, '2021', 2575),
(2874, 'E.9A', 10, '2021', 3329),
(2875, 'E.9B', 10, '2021', 576),
(2876, 'E.9C', 10, '2021', 0),
(2877, 'F.10', 10, '2021', 2897),
(2878, 'F.11', 10, '2021', 2101),
(2879, 'F.12A', 10, '2021', 1028),
(2880, 'F.12B', 10, '2021', 53),
(2881, 'F.14', 10, '2021', 663),
(2882, 'F.15', 10, '2021', 247),
(2883, 'F.2', 10, '2021', 941),
(2884, 'F.3A', 10, '2021', 1609),
(2885, 'F.3B', 10, '2021', 1703),
(2886, 'F.5', 10, '2021', 119),
(2887, 'F.6', 10, '2021', 1035),
(2888, 'F.7', 10, '2021', 2137),
(2889, 'F.8', 10, '2021', 911),
(2890, 'F.9', 10, '2021', 2715),
(2891, 'G.1', 10, '2021', 0),
(2893, 'G.3', 10, '2021', 1),
(3421, 'A.10.11', 1, '2022', 4064),
(3422, 'A.12.13', 1, '2022', 5238),
(3423, 'A.14.15', 1, '2022', 1425),
(3424, 'A.16', 1, '2022', 6),
(3425, 'A.17', 1, '2022', 1380),
(3426, 'A.18', 1, '2022', 1989),
(3427, 'A.19', 1, '2022', 3821),
(3428, 'A.2', 1, '2022', 845),
(3429, 'A.20', 1, '2022', 3208),
(3430, 'A.21', 1, '2022', 658),
(3431, 'A.23', 1, '2022', 205),
(3432, 'A.24', 1, '2022', 1),
(3433, 'A.3', 1, '2022', 2628),
(3434, 'A.4.5', 1, '2022', 3909),
(3435, 'A.8.9', 1, '2022', 282),
(3436, 'B.1', 1, '2022', 1276),
(3437, 'B.10', 1, '2022', 1642),
(3438, 'B.11', 1, '2022', 2869),
(3439, 'B.12', 1, '2022', 3331),
(3440, 'B.2', 1, '2022', 3925),
(3441, 'B.3', 1, '2022', 200),
(3442, 'B.4', 1, '2022', 1788),
(3443, 'B.5', 1, '2022', 2203),
(3444, 'B.6', 1, '2022', 1038),
(3445, 'B.8', 1, '2022', 2160),
(3446, 'B.9', 1, '2022', 2485),
(3447, 'B2.1', 1, '2022', 2230),
(3448, 'B2.10', 1, '2022', 30),
(3449, 'B2.12A', 1, '2022', 272),
(3450, 'B2.16', 1, '2022', 3869),
(3451, 'B2.2', 1, '2022', 4061),
(3452, 'B2.3', 1, '2022', 1728),
(3453, 'B2.4', 1, '2022', 1231),
(3454, 'B2.5', 1, '2022', 862),
(3455, 'B2.6', 1, '2022', 2516),
(3456, 'B2.7', 1, '2022', 157),
(3457, 'B2.8', 1, '2022', 1),
(3458, 'B2.9', 1, '2022', 2363),
(3459, 'BA.1', 1, '2022', 11519),
(3460, 'BA.10', 1, '2022', 4582),
(3461, 'BA.11', 1, '2022', 1708),
(3462, 'BA.12A', 1, '2022', 1),
(3463, 'BA.12B', 1, '2022', 3263),
(3464, 'BA.14', 1, '2022', 1897),
(3465, 'BA.16', 1, '2022', 5406),
(3466, 'BA.17', 1, '2022', 2621),
(3467, 'BA.18', 1, '2022', 3545),
(3468, 'BA.19', 1, '2022', 1291),
(3469, 'BA.2', 1, '2022', 918),
(3470, 'BA.20', 1, '2022', 62),
(3471, 'BA.21', 1, '2022', 3269),
(3472, 'BA.22', 1, '2022', 4208),
(3473, 'BA.23', 1, '2022', 3127),
(3474, 'BA.24', 1, '2022', 775),
(3475, 'BA.25', 1, '2022', 164),
(3476, 'BA.26', 1, '2022', 27),
(3477, 'BA.27', 1, '2022', 10),
(3478, 'BA.28', 1, '2022', 1880),
(3479, 'BA.29', 1, '2022', 1571),
(3480, 'BA.30', 1, '2022', 1),
(3481, 'BA.31', 1, '2022', 710),
(3482, 'BA.32a.36a', 1, '2022', 743),
(3483, 'BA.32b', 1, '2022', 3083),
(3484, 'BA.33A', 1, '2022', 823),
(3485, 'BA.33B', 1, '2022', 2862),
(3486, 'BA.34', 1, '2022', 3458),
(3487, 'BA.35', 1, '2022', 4171),
(3488, 'BA.36b', 1, '2022', 2663),
(3489, 'BA.37A', 1, '2022', 1852),
(3490, 'BA.37B', 1, '2022', 1387),
(3491, 'BA.38', 1, '2022', 3122),
(3492, 'BA.39', 1, '2022', 550),
(3493, 'BA.3A', 1, '2022', 2721),
(3494, 'BA.3b', 1, '2022', 4019),
(3495, 'BA.40', 1, '2022', 546),
(3496, 'BA.41', 1, '2022', 3208),
(3497, 'BA.42', 1, '2022', 898),
(3498, 'BA.43', 1, '2022', 582),
(3499, 'BA.44', 1, '2022', 4562),
(3500, 'BA.45', 1, '2022', 11),
(3501, 'BA.46', 1, '2022', 4421),
(3502, 'BA.47', 1, '2022', 590),
(3503, 'BA.48', 1, '2022', 472),
(3504, 'BA.49', 1, '2022', 718),
(3505, 'BA.5', 1, '2022', 4411),
(3506, 'BA.50', 1, '2022', 1748),
(3507, 'BA.51', 1, '2022', 4152),
(3508, 'BA.52', 1, '2022', 1480),
(3509, 'BA.53', 1, '2022', 3403),
(3510, 'BA.54', 1, '2022', 12),
(3511, 'BA.55', 1, '2022', 3235),
(3512, 'BA.56', 1, '2022', 2202),
(3513, 'BA.57', 1, '2022', 3139),
(3514, 'BA.58', 1, '2022', 2267),
(3515, 'BA.59', 1, '2022', 521),
(3516, 'BA.6', 1, '2022', 1243),
(3517, 'BA.60', 1, '2022', 116),
(3518, 'BA.7', 1, '2022', 1626),
(3519, 'BA.8', 1, '2022', 6504),
(3520, 'BA.9', 1, '2022', 538),
(3521, 'C.1', 1, '2022', 2758),
(3522, 'C.10', 1, '2022', 1),
(3523, 'C.11', 1, '2022', 2869),
(3524, 'C.12', 1, '2022', 68),
(3525, 'C.12AB', 1, '2022', 1314),
(3526, 'C.15', 1, '2022', 2773),
(3527, 'C.16', 1, '2022', 2265),
(3528, 'C.17', 1, '2022', 1228),
(3529, 'C.2', 1, '2022', 3027),
(3530, 'C.3', 1, '2022', 1980),
(3531, 'C.4', 1, '2022', 2550),
(3532, 'C.5', 1, '2022', 4583),
(3533, 'C.6', 1, '2022', 3383),
(3534, 'C.7', 1, '2022', 2891),
(3535, 'C.7A', 1, '2022', 750),
(3536, 'C.7B', 1, '2022', 3736),
(3537, 'C.8', 1, '2022', 454),
(3538, 'C.9', 1, '2022', 1073),
(3539, 'D1.10.11', 1, '2022', 5542),
(3540, 'D1.12', 1, '2022', 3090),
(3541, 'D1.12A', 1, '2022', 4311),
(3542, 'D1.14', 1, '2022', 2092),
(3543, 'D1.15.16', 1, '2022', 60),
(3544, 'D1.17', 1, '2022', 8543),
(3545, 'D1.18', 1, '2022', 1361),
(3546, 'D1.19', 1, '2022', 4541),
(3547, 'D1.2', 1, '2022', 841),
(3548, 'D1.20', 1, '2022', 1940),
(3549, 'D1.3', 1, '2022', 1882),
(3550, 'D1.4', 1, '2022', 0),
(3551, 'D1.5', 1, '2022', 4142),
(3552, 'D1.6', 1, '2022', 1206),
(3553, 'D1.7', 1, '2022', 2798),
(3554, 'D1.8', 1, '2022', 8136),
(3555, 'D1.9', 1, '2022', 3141),
(3556, 'D2 24 ', 1, '2022', 4296),
(3557, 'D2.1', 1, '2022', 7502),
(3558, 'D2.10', 1, '2022', 5408),
(3559, 'D2.11', 1, '2022', 795),
(3560, 'D2.12', 1, '2022', 2484),
(3561, 'D2.12A', 1, '2022', 1304),
(3562, 'D2.14', 1, '2022', 2055),
(3563, 'D2.15', 1, '2022', 1129),
(3564, 'D2.16', 1, '2022', 2014),
(3565, 'D2.17', 1, '2022', 1799),
(3566, 'D2.18', 1, '2022', 1707),
(3567, 'D2.19', 1, '2022', 105),
(3568, 'D2.2', 1, '2022', 5634),
(3569, 'D2.20', 1, '2022', 3438),
(3570, 'D2.21.22', 1, '2022', 2005),
(3571, 'D2.23', 1, '2022', 3052),
(3572, 'D2.27', 1, '2022', 3211),
(3573, 'D2.28', 1, '2022', 1980),
(3574, 'D2.29', 1, '2022', 1654),
(3575, 'D2.30', 1, '2022', 479),
(3576, 'D2.31', 1, '2022', 1937),
(3577, 'D2.32', 1, '2022', 3718),
(3578, 'D2.3A', 1, '2022', 4792),
(3579, 'D2.3B', 1, '2022', 4313),
(3580, 'D2.5', 1, '2022', 6721),
(3581, 'D2.6', 1, '2022', 1852),
(3582, 'D2.9', 1, '2022', 7737),
(3583, 'D3.1', 1, '2022', 2668),
(3584, 'D3.10', 1, '2022', 690),
(3585, 'D3.11', 1, '2022', 210),
(3586, 'D3.12A', 1, '2022', 937),
(3587, 'D3.12B', 1, '2022', 2404),
(3588, 'D3.14', 1, '2022', 2197),
(3589, 'D3.15', 1, '2022', 1962),
(3590, 'D3.16', 1, '2022', 1699),
(3591, 'D3.17', 1, '2022', 2779),
(3592, 'D3.18', 1, '2022', 5675),
(3593, 'D3.19', 1, '2022', 5499),
(3594, 'D3.2', 1, '2022', 899),
(3595, 'D3.20', 1, '2022', 3517),
(3596, 'D3.21', 1, '2022', 2699),
(3597, 'D3.22', 1, '2022', 3791),
(3598, 'D3.23', 1, '2022', 804),
(3599, 'D3.24', 1, '2022', 1464),
(3600, 'D3.25', 1, '2022', 1385),
(3601, 'D3.26', 1, '2022', 1461),
(3602, 'D3.27', 1, '2022', 2834),
(3603, 'D3.28.29', 1, '2022', 59),
(3604, 'D3.30', 1, '2022', 1079),
(3605, 'D3.31', 1, '2022', 3915),
(3606, 'D3.3A', 1, '2022', 1164),
(3607, 'D3.5', 1, '2022', 2982),
(3608, 'D3.6', 1, '2022', 1599),
(3609, 'D3.7', 1, '2022', 450),
(3610, 'D3.8', 1, '2022', 1224),
(3611, 'D3.9', 1, '2022', 1412),
(3612, 'D4.11', 1, '2022', 198),
(3613, 'D4.12', 1, '2022', 298),
(3614, 'D4.13', 1, '2022', 2103),
(3615, 'D4.15', 1, '2022', 1524),
(3616, 'D4.16', 1, '2022', 1309),
(3617, 'D4.17', 1, '2022', 649),
(3618, 'D4.18', 1, '2022', 1576),
(3619, 'D4.19', 1, '2022', 3718),
(3620, 'D4.2', 1, '2022', 918),
(3621, 'D4.20', 1, '2022', 3888),
(3622, 'D4.21', 1, '2022', 1723),
(3623, 'D4.22', 1, '2022', 1623),
(3624, 'D4.23', 1, '2022', 730),
(3625, 'D4.24', 1, '2022', 1228),
(3626, 'D4.25', 1, '2022', 1109),
(3627, 'D4.26', 1, '2022', 1),
(3628, 'D4.27', 1, '2022', 1327),
(3629, 'D4.28', 1, '2022', 1603),
(3630, 'D4.29', 1, '2022', 2834),
(3631, 'D4.3', 1, '2022', 2284),
(3632, 'D4.30', 1, '2022', 2242),
(3633, 'D4.31', 1, '2022', 920),
(3634, 'D4.4', 1, '2022', 1285),
(3635, 'D4.5', 1, '2022', 608),
(3636, 'D4.6', 1, '2022', 1502),
(3637, 'D4.9', 1, '2022', 653),
(3638, 'E.1', 1, '2022', 2281),
(3639, 'E.10', 1, '2022', 108),
(3640, 'E.11', 1, '2022', 1960),
(3641, 'E.12A', 1, '2022', 2707),
(3642, 'E.12B', 1, '2022', 1),
(3643, 'E.14', 1, '2022', 1),
(3644, 'E.16', 1, '2022', 3747),
(3645, 'E.17', 1, '2022', 4599),
(3646, 'E.18', 1, '2022', 2091),
(3647, 'E.19', 1, '2022', 2958),
(3648, 'E.2', 1, '2022', 2635),
(3649, 'E.21', 1, '2022', 305),
(3650, 'E.22', 1, '2022', 4371),
(3651, 'E.23', 1, '2022', 3375),
(3652, 'E.24', 1, '2022', 600),
(3653, 'E.25', 1, '2022', 3972),
(3654, 'E.26', 1, '2022', 1585),
(3655, 'E.3A', 1, '2022', 1042),
(3656, 'E.3B', 1, '2022', 606),
(3657, 'E.5A', 1, '2022', 889),
(3658, 'E.5B', 1, '2022', 2825),
(3659, 'E.6', 1, '2022', 1164),
(3660, 'E.7A', 1, '2022', 1108),
(3661, 'E.7B', 1, '2022', 8880),
(3662, 'E.8', 1, '2022', 2713),
(3663, 'E.9A', 1, '2022', 3429),
(3664, 'E.9B', 1, '2022', 606),
(3665, 'E.9C', 1, '2022', 0),
(3666, 'F.10', 1, '2022', 2951),
(3667, 'F.11', 1, '2022', 2176),
(3668, 'F.12A', 1, '2022', 1064),
(3669, 'F.12B', 1, '2022', 101),
(3670, 'F.14', 1, '2022', 671),
(3671, 'F.15', 1, '2022', 247),
(3672, 'F.2', 1, '2022', 984),
(3673, 'F.3A', 1, '2022', 1639),
(3674, 'F.3B', 1, '2022', 1728),
(3675, 'F.5', 1, '2022', 226),
(3676, 'F.6', 1, '2022', 1106),
(3677, 'F.7', 1, '2022', 2204),
(3678, 'F.8', 1, '2022', 964),
(3679, 'F.9', 1, '2022', 2757),
(3680, 'G.1', 1, '2022', 1),
(3681, 'G.2', 1, '2022', 1399),
(3682, 'G.3', 1, '2022', 88),
(3683, 'A.1', 2, '2022', 4232),
(3684, 'A.10.11', 2, '2022', 4112),
(3685, 'A.12.13', 2, '2022', 5278),
(3686, 'A.14.15', 2, '2022', 1455),
(3687, 'A.16', 2, '2022', 13),
(3688, 'A.17', 2, '2022', 1419),
(3689, 'A.18', 2, '2022', 1980),
(3690, 'A.19', 2, '2022', 14),
(3691, 'A.2', 2, '2022', 845),
(3692, 'A.20', 2, '2022', 3213),
(3693, 'A.21', 2, '2022', 691),
(3694, 'A.23', 2, '2022', 235),
(3695, 'A.24', 2, '2022', 4),
(3696, 'A.3', 2, '2022', 2628),
(3697, 'A.4.5', 2, '2022', 3919),
(3698, 'A.8.9', 2, '2022', 298),
(3699, 'B.1', 2, '2022', 1276),
(3700, 'B.10', 2, '2022', 1671),
(3701, 'B.11', 2, '2022', 2869),
(3702, 'B.12', 2, '2022', 3331),
(3703, 'B.2', 2, '2022', 3925),
(3704, 'B.3', 2, '2022', 239),
(3705, 'B.4', 2, '2022', 1831),
(3706, 'B.5', 2, '2022', 2211),
(3707, 'B.6', 2, '2022', 1073),
(3708, 'B.8', 2, '2022', 2160),
(3709, 'B.9', 2, '2022', 2497),
(3710, 'B2.1', 2, '2022', 2248),
(3711, 'B2.10', 2, '2022', 30),
(3712, 'B2.12A', 2, '2022', 272),
(3713, 'B2.16', 2, '2022', 3880),
(3714, 'B2.2', 2, '2022', 4080),
(3715, 'B2.3', 2, '2022', 1767),
(3716, 'B2.4', 2, '2022', 1287),
(3717, 'B2.5', 2, '2022', 863),
(3718, 'B2.6', 2, '2022', 2534),
(3719, 'B2.7', 2, '2022', 157),
(3720, 'B2.8', 2, '2022', 1),
(3721, 'B2.9', 2, '2022', 2380),
(3722, 'BA.1', 2, '2022', 11542),
(3723, 'BA.10', 2, '2022', 4624),
(3724, 'BA.11', 2, '2022', 1709),
(3725, 'BA.12A', 2, '2022', 1),
(3726, 'BA.12B', 2, '2022', 3268),
(3727, 'BA.14', 2, '2022', 14),
(3728, 'BA.16', 2, '2022', 5427),
(3729, 'BA.17', 2, '2022', 2625),
(3730, 'BA.18', 2, '2022', 3579),
(3731, 'BA.19', 2, '2022', 1308),
(3732, 'BA.2', 2, '2022', 924),
(3733, 'BA.20', 2, '2022', 75),
(3734, 'BA.21', 2, '2022', 3309),
(3735, 'BA.22', 2, '2022', 4248),
(3736, 'BA.23', 2, '2022', 3183),
(3737, 'BA.24', 2, '2022', 772),
(3738, 'BA.25', 2, '2022', 192),
(3739, 'BA.26', 2, '2022', 37),
(3740, 'BA.27', 2, '2022', 27),
(3741, 'BA.28', 2, '2022', 1880),
(3742, 'BA.29', 2, '2022', 1585),
(3743, 'BA.30', 2, '2022', 1),
(3744, 'BA.31', 2, '2022', 714),
(3745, 'BA.32a.36a', 2, '2022', 763),
(3746, 'BA.32b', 2, '2022', 3102),
(3747, 'BA.33A', 2, '2022', 825),
(3748, 'BA.33B', 2, '2022', 2879),
(3749, 'BA.34', 2, '2022', 3456),
(3750, 'BA.35', 2, '2022', 4229),
(3751, 'BA.36b', 2, '2022', 2676),
(3752, 'BA.37A', 2, '2022', 1866),
(3753, 'BA.37B', 2, '2022', 1358),
(3754, 'BA.38', 2, '2022', 3162),
(3755, 'BA.39', 2, '2022', 571),
(3756, 'BA.3A', 2, '2022', 2736),
(3757, 'BA.3b', 2, '2022', 4030),
(3758, 'BA.40', 2, '2022', 546),
(3759, 'BA.41', 2, '2022', 3208),
(3760, 'BA.42', 2, '2022', 898),
(3761, 'BA.43', 2, '2022', 632),
(3762, 'BA.44', 2, '2022', 4598),
(3763, 'BA.45', 2, '2022', 11),
(3764, 'BA.46', 2, '2022', 4221),
(3765, 'BA.47', 2, '2022', 592),
(3766, 'BA.48', 2, '2022', 472),
(3767, 'BA.49', 2, '2022', 721),
(3768, 'BA.5', 2, '2022', 4448),
(3769, 'BA.50', 2, '2022', 1748),
(3770, 'BA.51', 2, '2022', 4186),
(3771, 'BA.52', 2, '2022', 1480),
(3772, 'BA.53', 2, '2022', 3431),
(3773, 'BA.54', 2, '2022', 39),
(3774, 'BA.55', 2, '2022', 3235),
(3775, 'BA.56', 2, '2022', 2222),
(3776, 'BA.57', 2, '2022', 3139),
(3777, 'BA.58', 2, '2022', 2286),
(3778, 'BA.59', 2, '2022', 521),
(3779, 'BA.6', 2, '2022', 1256),
(3780, 'BA.60', 2, '2022', 135),
(3781, 'BA.7', 2, '2022', 1647),
(3782, 'BA.8', 2, '2022', 6540),
(3783, 'BA.9', 2, '2022', 544),
(3784, 'C.1', 2, '2022', 2787),
(3785, 'C.10', 2, '2022', 1),
(3786, 'C.11', 2, '2022', 2869),
(3787, 'C.12', 2, '2022', 81),
(3788, 'C.12AB', 2, '2022', 1320),
(3789, 'C.15', 2, '2022', 2773),
(3790, 'C.16', 2, '2022', 2301),
(3791, 'C.17', 2, '2022', 1489),
(3792, 'C.2', 2, '2022', 3070),
(3793, 'C.3', 2, '2022', 1980),
(3794, 'C.4', 2, '2022', 2573),
(3795, 'C.5', 2, '2022', 2),
(3796, 'C.6', 2, '2022', 3413),
(3797, 'C.7', 2, '2022', 2927),
(3798, 'C.7A', 2, '2022', 750),
(3799, 'C.7B', 2, '2022', 3822),
(3800, 'C.8', 2, '2022', 454),
(3801, 'C.9', 2, '2022', 1073),
(3802, 'D1.10.11', 2, '2022', 5570),
(3803, 'D1.12', 2, '2022', 3113),
(3804, 'D1.12A', 2, '2022', 4356),
(3805, 'D1.14', 2, '2022', 2112),
(3806, 'D1.15.16', 2, '2022', 85),
(3807, 'D1.17', 2, '2022', 8543),
(3808, 'D1.18', 2, '2022', 1394),
(3809, 'D1.19', 2, '2022', 4569),
(3810, 'D1.2', 2, '2022', 841),
(3811, 'D1.20', 2, '2022', 1961),
(3812, 'D1.3', 2, '2022', 1712),
(3813, 'D1.4', 2, '2022', 0),
(3814, 'D1.5', 2, '2022', 4171),
(3815, 'D1.6', 2, '2022', 1223),
(3816, 'D1.7', 2, '2022', 2810),
(3817, 'D1.8', 2, '2022', 8167),
(3818, 'D1.9', 2, '2022', 3178),
(3819, 'D2 24 ', 2, '2022', 4342),
(3820, 'D2.1', 2, '2022', 7558),
(3821, 'D2.10', 2, '2022', 5436),
(3822, 'D2.11', 2, '2022', 795),
(3823, 'D2.12', 2, '2022', 2501),
(3824, 'D2.12A', 2, '2022', 1317),
(3825, 'D2.14', 2, '2022', 2082),
(3826, 'D2.15', 2, '2022', 1134),
(3827, 'D2.16', 2, '2022', 2164),
(3828, 'D2.17', 2, '2022', 1836),
(3829, 'D2.18', 2, '2022', 1707),
(3830, 'D2.19', 2, '2022', 117),
(3831, 'D2.2', 2, '2022', 5646),
(3832, 'D2.20', 2, '2022', 3455),
(3833, 'D2.21.22', 2, '2022', 99),
(3834, 'D2.23', 2, '2022', 3052),
(3835, 'D2.27', 2, '2022', 3238),
(3836, 'D2.28', 2, '2022', 1980),
(3837, 'D2.29', 2, '2022', 1654),
(3838, 'D2.30', 2, '2022', 491),
(3839, 'D2.31', 2, '2022', 1939),
(3840, 'D2.32', 2, '2022', 3730),
(3841, 'D2.3A', 2, '2022', 4831),
(3842, 'D2.3B', 2, '2022', 4354),
(3843, 'D2.5', 2, '2022', 6730),
(3844, 'D2.6', 2, '2022', 1887),
(3845, 'D2.9', 2, '2022', 7747),
(3846, 'D3.1', 2, '2022', 2719),
(3847, 'D3.10', 2, '2022', 690),
(3848, 'D3.11', 2, '2022', 220),
(3849, 'D3.12A', 2, '2022', 988),
(3850, 'D3.12B', 2, '2022', 2425),
(3851, 'D3.14', 2, '2022', 2225),
(3852, 'D3.15', 2, '2022', 1978),
(3853, 'D3.16', 2, '2022', 1721),
(3854, 'D3.17', 2, '2022', 2779),
(3855, 'D3.18', 2, '2022', 5728),
(3856, 'D3.19', 2, '2022', 5499),
(3857, 'D3.2', 2, '2022', 899),
(3858, 'D3.20', 2, '2022', 3566),
(3859, 'D3.21', 2, '2022', 2709),
(3860, 'D3.22', 2, '2022', 3805),
(3861, 'D3.23', 2, '2022', 804),
(3862, 'D3.24', 2, '2022', 1454),
(3863, 'D3.25', 2, '2022', 1401),
(3864, 'D3.26', 2, '2022', 1461),
(3865, 'D3.27', 2, '2022', 2862),
(3866, 'D3.28.29', 2, '2022', 59),
(3867, 'D3.30', 2, '2022', 1079),
(3868, 'D3.31', 2, '2022', 3939),
(3869, 'D3.3A', 2, '2022', 1168),
(3870, 'D3.5', 2, '2022', 3025),
(3871, 'D3.6', 2, '2022', 1599),
(3872, 'D3.7', 2, '2022', 510),
(3873, 'D3.8', 2, '2022', 1224),
(3874, 'D3.9', 2, '2022', 1448),
(3875, 'D4.11', 2, '2022', 198),
(3876, 'D4.12', 2, '2022', 302),
(3877, 'D4.13', 2, '2022', 2107),
(3878, 'D4.15', 2, '2022', 1537),
(3879, 'D4.16', 2, '2022', 1330),
(3880, 'D4.17', 2, '2022', 656),
(3881, 'D4.18', 2, '2022', 1602),
(3882, 'D4.19', 2, '2022', 3741),
(3883, 'D4.2', 2, '2022', 941),
(3884, 'D4.20', 2, '2022', 3888),
(3885, 'D4.21', 2, '2022', 1733),
(3886, 'D4.22', 2, '2022', 1638),
(3887, 'D4.23', 2, '2022', 730),
(3888, 'D4.24', 2, '2022', 1228),
(3889, 'D4.25', 2, '2022', 1115),
(3890, 'D4.26', 2, '2022', 1),
(3891, 'D4.27', 2, '2022', 1343),
(3892, 'D4.28', 2, '2022', 1603),
(3893, 'D4.29', 2, '2022', 2841),
(3894, 'D4.3', 2, '2022', 2284),
(3895, 'D4.30', 2, '2022', 2310),
(3896, 'D4.31', 2, '2022', 920),
(3897, 'D4.4', 2, '2022', 1292),
(3898, 'D4.5', 2, '2022', 623),
(3899, 'D4.6', 2, '2022', 1502),
(3900, 'D4.9', 2, '2022', 653),
(3901, 'E.1', 2, '2022', 2294),
(3902, 'E.10', 2, '2022', 108),
(3903, 'E.11', 2, '2022', 1968),
(3904, 'E.12A', 2, '2022', 2707),
(3905, 'E.12B', 2, '2022', 1),
(3906, 'E.14', 2, '2022', 1),
(3907, 'E.16', 2, '2022', 3815),
(3908, 'E.17', 2, '2022', 4642),
(3909, 'E.18', 2, '2022', 2100),
(3910, 'E.19', 2, '2022', 2975),
(3911, 'E.2', 2, '2022', 2635),
(3912, 'E.21', 2, '2022', 305),
(3913, 'E.22', 2, '2022', 4431),
(3914, 'E.23', 2, '2022', 3375),
(3915, 'E.24', 2, '2022', 627),
(3916, 'E.25', 2, '2022', 3998),
(3917, 'E.26', 2, '2022', 1625),
(3918, 'E.3A', 2, '2022', 1042),
(3919, 'E.3B', 2, '2022', 606),
(3920, 'E.5A', 2, '2022', 911),
(3921, 'E.5B', 2, '2022', 2857),
(3922, 'E.6', 2, '2022', 1209),
(3923, 'E.7A', 2, '2022', 1121),
(3924, 'E.7B', 2, '2022', 8964),
(3925, 'E.8', 2, '2022', 2743),
(3926, 'E.9A', 2, '2022', 3460),
(3927, 'E.9B', 2, '2022', 621),
(3928, 'E.9C', 2, '2022', 0),
(3929, 'F.10', 2, '2022', 2970),
(3930, 'F.11', 2, '2022', 2202),
(3931, 'F.12A', 2, '2022', 1075),
(3932, 'F.12B', 2, '2022', 112),
(3933, 'F.14', 2, '2022', 671),
(3934, 'F.15', 2, '2022', 247),
(3935, 'F.2', 2, '2022', 990),
(3936, 'F.3A', 2, '2022', 1639),
(3937, 'F.3B', 2, '2022', 1728),
(3938, 'F.5', 2, '2022', 257),
(3939, 'F.6', 2, '2022', 1135),
(3940, 'F.7', 2, '2022', 2215),
(3941, 'F.8', 2, '2022', 979),
(3942, 'F.9', 2, '2022', 2770),
(3943, 'G.1', 2, '2022', 1),
(3944, 'G.2', 2, '2022', 1401),
(3945, 'G.3', 2, '2022', 118),
(3946, 'A.1', 3, '2022', 4241),
(3947, 'A.10.11', 3, '2022', 4147),
(3948, 'A.12.13', 3, '2022', 5308),
(3949, 'A.14.15', 3, '2022', 1483),
(3950, 'A.16', 3, '2022', 19),
(3951, 'A.17', 3, '2022', 1479),
(3952, 'A.18', 3, '2022', 2001),
(3953, 'A.19', 3, '2022', 39),
(3954, 'A.2', 3, '2022', 845),
(3955, 'A.20', 3, '2022', 3219),
(3956, 'A.21', 3, '2022', 723),
(3957, 'A.23', 3, '2022', 297),
(3958, 'A.24', 3, '2022', 9),
(3959, 'A.3', 3, '2022', 2628),
(3960, 'A.4.5', 3, '2022', 3928),
(3961, 'A.8.9', 3, '2022', 319),
(3962, 'B.1', 3, '2022', 1276),
(3963, 'B.10', 3, '2022', 1699),
(3964, 'B.11', 3, '2022', 2869),
(3965, 'B.12', 3, '2022', 3331),
(3966, 'B.2', 3, '2022', 3925),
(3967, 'B.3', 3, '2022', 250),
(3968, 'B.4', 3, '2022', 1880),
(3969, 'B.5', 3, '2022', 2218),
(3970, 'B.6', 3, '2022', 1093),
(3971, 'B.8', 3, '2022', 2160),
(3972, 'B.9', 3, '2022', 2511),
(3973, 'B2.1', 3, '2022', 2267),
(3974, 'B2.10', 3, '2022', 30),
(3975, 'B2.12A', 3, '2022', 272),
(3976, 'B2.16', 3, '2022', 3888),
(3977, 'B2.2', 3, '2022', 4136),
(3978, 'B2.3', 3, '2022', 1768),
(3979, 'B2.4', 3, '2022', 1278),
(3980, 'B2.5', 3, '2022', 863),
(3981, 'B2.6', 3, '2022', 2550),
(3982, 'B2.7', 3, '2022', 157),
(3983, 'B2.8', 3, '2022', 1),
(3984, 'B2.9', 3, '2022', 2392),
(3985, 'BA.1', 3, '2022', 11624),
(3986, 'BA.10', 3, '2022', 4641),
(3987, 'BA.11', 3, '2022', 1712),
(3988, 'BA.12A', 3, '2022', 1),
(3989, 'BA.12B', 3, '2022', 3279),
(3990, 'BA.14', 3, '2022', 30),
(3991, 'BA.16', 3, '2022', 5447),
(3992, 'BA.17', 3, '2022', 2628),
(3993, 'BA.18', 3, '2022', 3603),
(3994, 'BA.19', 3, '2022', 1327),
(3995, 'BA.2', 3, '2022', 928),
(3996, 'BA.20', 3, '2022', 87),
(3997, 'BA.21', 3, '2022', 3343),
(3998, 'BA.22', 3, '2022', 4297),
(3999, 'BA.23', 3, '2022', 3229),
(4000, 'BA.24', 3, '2022', 772),
(4001, 'BA.25', 3, '2022', 217),
(4002, 'BA.26', 3, '2022', 39),
(4003, 'BA.27', 3, '2022', 39),
(4004, 'BA.28', 3, '2022', 1880),
(4005, 'BA.29', 3, '2022', 1594),
(4006, 'BA.30', 3, '2022', 1),
(4007, 'BA.31', 3, '2022', 724),
(4008, 'BA.32a.36a', 3, '2022', 784),
(4009, 'BA.32b', 3, '2022', 3169),
(4010, 'BA.33A', 3, '2022', 825),
(4011, 'BA.33B', 3, '2022', 2899),
(4012, 'BA.34', 3, '2022', 3456),
(4013, 'BA.35', 3, '2022', 4266),
(4014, 'BA.36b', 3, '2022', 2691),
(4015, 'BA.37A', 3, '2022', 1882),
(4016, 'BA.37B', 3, '2022', 1368),
(4017, 'BA.38', 3, '2022', 3192),
(4018, 'BA.39', 3, '2022', 622),
(4019, 'BA.3A', 3, '2022', 2747),
(4020, 'BA.3b', 3, '2022', 4034),
(4021, 'BA.40', 3, '2022', 546),
(4022, 'BA.41', 3, '2022', 3208),
(4023, 'BA.42', 3, '2022', 898),
(4024, 'BA.43', 3, '2022', 682),
(4025, 'BA.44', 3, '2022', 4632),
(4026, 'BA.45', 3, '2022', 11),
(4027, 'BA.46', 3, '2022', 4221),
(4028, 'BA.47', 3, '2022', 593),
(4029, 'BA.48', 3, '2022', 472),
(4030, 'BA.49', 3, '2022', 757),
(4031, 'BA.5', 3, '2022', 4477),
(4032, 'BA.50', 3, '2022', 1748),
(4033, 'BA.51', 3, '2022', 4213),
(4034, 'BA.52', 3, '2022', 1480),
(4035, 'BA.53', 3, '2022', 3454),
(4036, 'BA.54', 3, '2022', 58),
(4037, 'BA.55', 3, '2022', 3235),
(4038, 'BA.56', 3, '2022', 2239),
(4039, 'BA.57', 3, '2022', 3139),
(4040, 'BA.58', 3, '2022', 2296),
(4041, 'BA.59', 3, '2022', 521),
(4042, 'BA.6', 3, '2022', 1272),
(4043, 'BA.60', 3, '2022', 154),
(4044, 'BA.7', 3, '2022', 1664),
(4045, 'BA.8', 3, '2022', 6579),
(4046, 'BA.9', 3, '2022', 550),
(4047, 'C.1', 3, '2022', 7),
(4048, 'C.10', 3, '2022', 1),
(4049, 'C.11', 3, '2022', 2873),
(4050, 'C.12', 3, '2022', 94),
(4051, 'C.12AB', 3, '2022', 1326),
(4052, 'C.15', 3, '2022', 2773),
(4053, 'C.16', 3, '2022', 2337),
(4054, 'C.17', 3, '2022', 1578),
(4055, 'C.2', 3, '2022', 3108),
(4056, 'C.3', 3, '2022', 1980),
(4057, 'C.4', 3, '2022', 2629),
(4058, 'C.5', 3, '2022', 24),
(4059, 'C.6', 3, '2022', 3441),
(4060, 'C.7', 3, '2022', 2953),
(4061, 'C.7A', 3, '2022', 750),
(4062, 'C.7B', 3, '2022', 3923),
(4063, 'C.8', 3, '2022', 454),
(4064, 'C.9', 3, '2022', 1073),
(4065, 'D1.10.11', 3, '2022', 5595),
(4066, 'D1.12', 3, '2022', 3133),
(4067, 'D1.12A', 3, '2022', 4396),
(4068, 'D1.14', 3, '2022', 2122),
(4069, 'D1.15.16', 3, '2022', 109),
(4070, 'D1.17', 3, '2022', 8543),
(4071, 'D1.18', 3, '2022', 1422),
(4072, 'D1.19', 3, '2022', 4593),
(4073, 'D1.2', 3, '2022', 841),
(4074, 'D1.20', 3, '2022', 1973),
(4075, 'D1.3', 3, '2022', 1721),
(4076, 'D1.4', 3, '2022', 0),
(4077, 'D1.5', 3, '2022', 4194),
(4078, 'D1.6', 3, '2022', 1235),
(4079, 'D1.7', 3, '2022', 2832),
(4080, 'D1.8', 3, '2022', 8194),
(4081, 'D1.9', 3, '2022', 3212),
(4082, 'D2 24 ', 3, '2022', 4383),
(4083, 'D2.1', 3, '2022', 7615),
(4084, 'D2.10', 3, '2022', 5464),
(4085, 'D2.11', 3, '2022', 795),
(4086, 'D2.12', 3, '2022', 2527),
(4087, 'D2.12A', 3, '2022', 1329),
(4088, 'D2.14', 3, '2022', 2116),
(4089, 'D2.15', 3, '2022', 1144),
(4090, 'D2.16', 3, '2022', 2199),
(4091, 'D2.17', 3, '2022', 1876),
(4092, 'D2.18', 3, '2022', 1707),
(4093, 'D2.19', 3, '2022', 126),
(4094, 'D2.2', 3, '2022', 5655),
(4095, 'D2.20', 3, '2022', 3466),
(4096, 'D2.21.22', 3, '2022', 232),
(4097, 'D2.23', 3, '2022', 3053),
(4098, 'D2.27', 3, '2022', 3253),
(4099, 'D2.28', 3, '2022', 1980),
(4100, 'D2.29', 3, '2022', 1656),
(4101, 'D2.30', 3, '2022', 505),
(4102, 'D2.31', 3, '2022', 1943),
(4103, 'D2.32', 3, '2022', 3745),
(4104, 'D2.3A', 3, '2022', 4866),
(4105, 'D2.3B', 3, '2022', 4394),
(4106, 'D2.5', 3, '2022', 6854),
(4107, 'D2.6', 3, '2022', 1921),
(4108, 'D2.9', 3, '2022', 7757),
(4109, 'D3.1', 3, '2022', 2771),
(4110, 'D3.10', 3, '2022', 693),
(4111, 'D3.11', 3, '2022', 230),
(4112, 'D3.12A', 3, '2022', 1023),
(4113, 'D3.12B', 3, '2022', 2445),
(4114, 'D3.14', 3, '2022', 2253),
(4115, 'D3.15', 3, '2022', 1991),
(4116, 'D3.16', 3, '2022', 1752),
(4117, 'D3.17', 3, '2022', 2779),
(4118, 'D3.18', 3, '2022', 5783),
(4119, 'D3.19', 3, '2022', 5499),
(4120, 'D3.2', 3, '2022', 899),
(4121, 'D3.20', 3, '2022', 3612),
(4122, 'D3.21', 3, '2022', 2741),
(4123, 'D3.22', 3, '2022', 3818),
(4124, 'D3.23', 3, '2022', 804),
(4125, 'D3.24', 3, '2022', 1454),
(4126, 'D3.25', 3, '2022', 1425),
(4127, 'D3.26', 3, '2022', 1461),
(4128, 'D3.27', 3, '2022', 2884),
(4129, 'D3.28.29', 3, '2022', 59),
(4130, 'D3.30', 3, '2022', 1079),
(4131, 'D3.31', 3, '2022', 3959),
(4132, 'D3.3A', 3, '2022', 1200),
(4133, 'D3.5', 3, '2022', 3065),
(4134, 'D3.6', 3, '2022', 1599),
(4135, 'D3.7', 3, '2022', 514),
(4136, 'D3.8', 3, '2022', 1248),
(4137, 'D3.9', 3, '2022', 1477),
(4138, 'D4.11', 3, '2022', 198),
(4139, 'D4.12', 3, '2022', 307),
(4140, 'D4.13', 3, '2022', 2110),
(4141, 'D4.15', 3, '2022', 1543),
(4142, 'D4.16', 3, '2022', 1350),
(4143, 'D4.17', 3, '2022', 662),
(4144, 'D4.18', 3, '2022', 1622),
(4145, 'D4.19', 3, '2022', 3773),
(4146, 'D4.2', 3, '2022', 962),
(4147, 'D4.20', 3, '2022', 3888),
(4148, 'D4.21', 3, '2022', 1763),
(4149, 'D4.22', 3, '2022', 1651),
(4150, 'D4.23', 3, '2022', 730),
(4151, 'D4.24', 3, '2022', 1230),
(4152, 'D4.25', 3, '2022', 1123),
(4153, 'D4.26', 3, '2022', 1),
(4154, 'D4.27', 3, '2022', 1364),
(4155, 'D4.28', 3, '2022', 1603),
(4156, 'D4.29', 3, '2022', 2846),
(4157, 'D4.3', 3, '2022', 2287),
(4158, 'D4.30', 3, '2022', 2376),
(4159, 'D4.31', 3, '2022', 920),
(4160, 'D4.4', 3, '2022', 1299),
(4161, 'D4.5', 3, '2022', 624),
(4162, 'D4.6', 3, '2022', 1502),
(4163, 'D4.9', 3, '2022', 65),
(4164, 'E.1', 3, '2022', 2306),
(4165, 'E.10', 3, '2022', 108),
(4166, 'E.11', 3, '2022', 1969),
(4167, 'E.12A', 3, '2022', 2707),
(4168, 'E.12B', 3, '2022', 1),
(4169, 'E.14', 3, '2022', 1),
(4170, 'E.16', 3, '2022', 3806),
(4171, 'E.17', 3, '2022', 4683),
(4172, 'E.18', 3, '2022', 2102),
(4173, 'E.19', 3, '2022', 2996),
(4174, 'E.2', 3, '2022', 2643),
(4175, 'E.21', 3, '2022', 305),
(4176, 'E.22', 3, '2022', 4463),
(4177, 'E.23', 3, '2022', 3375),
(4178, 'E.24', 3, '2022', 654),
(4179, 'E.25', 3, '2022', 4010),
(4180, 'E.26', 3, '2022', 1653),
(4181, 'E.3A', 3, '2022', 1042),
(4182, 'E.3B', 3, '2022', 606),
(4183, 'E.5A', 3, '2022', 931),
(4184, 'E.5B', 3, '2022', 2893),
(4185, 'E.6', 3, '2022', 1261),
(4186, 'E.7A', 3, '2022', 1133),
(4187, 'E.7B', 3, '2022', 9126),
(4188, 'E.8', 3, '2022', 2774),
(4189, 'E.9A', 3, '2022', 3495),
(4190, 'E.9B', 3, '2022', 635),
(4191, 'E.9C', 3, '2022', 0),
(4192, 'F.10', 3, '2022', 2995),
(4193, 'F.11', 3, '2022', 2224),
(4194, 'F.12A', 3, '2022', 1078),
(4195, 'F.12B', 3, '2022', 118),
(4196, 'F.14', 3, '2022', 671),
(4197, 'F.15', 3, '2022', 247),
(4198, 'F.2', 3, '2022', 994),
(4199, 'F.3A', 3, '2022', 1644),
(4200, 'F.3B', 3, '2022', 1739),
(4201, 'F.5', 3, '2022', 294),
(4202, 'F.6', 3, '2022', 1164),
(4203, 'F.7', 3, '2022', 2228),
(4204, 'F.8', 3, '2022', 987),
(4205, 'F.9', 3, '2022', 2775),
(4206, 'G.1', 3, '2022', 1),
(4207, 'G.2', 3, '2022', 1414),
(4208, 'G.3', 3, '2022', 142),
(4209, 'A.1', 4, '2022', 4241),
(4210, 'A.10.11', 4, '2022', 4147),
(4211, 'A.12.13', 4, '2022', 5335),
(4212, 'A.14.15', 4, '2022', 1516),
(4213, 'A.16', 4, '2022', 25),
(4214, 'A.17', 4, '2022', 1531),
(4215, 'A.18', 4, '2022', 2021),
(4216, 'A.19', 4, '2022', 67),
(4217, 'A.2', 4, '2022', 845),
(4218, 'A.20', 4, '2022', 3226),
(4219, 'A.21', 4, '2022', 755),
(4220, 'A.23', 4, '2022', 325),
(4221, 'A.24', 4, '2022', 9),
(4222, 'A.3', 4, '2022', 2628),
(4223, 'A.4.5', 4, '2022', 3933),
(4224, 'A.8.9', 4, '2022', 340),
(4225, 'B.1', 4, '2022', 1276),
(4226, 'B.10', 4, '2022', 1716),
(4227, 'B.11', 4, '2022', 2869),
(4228, 'B.12', 4, '2022', 3331),
(4229, 'B.2', 4, '2022', 3925),
(4230, 'B.3', 4, '2022', 258),
(4231, 'B.4', 4, '2022', 1892),
(4232, 'B.5', 4, '2022', 2226),
(4233, 'B.6', 4, '2022', 1110),
(4234, 'B.8', 4, '2022', 2160),
(4235, 'B.9', 4, '2022', 2539),
(4236, 'B2.1', 4, '2022', 2280),
(4237, 'B2.10', 4, '2022', 30),
(4238, 'B2.12A', 4, '2022', 272),
(4239, 'B2.16', 4, '2022', 3898),
(4240, 'B2.2', 4, '2022', 4154),
(4241, 'B2.3', 4, '2022', 1776),
(4242, 'B2.4', 4, '2022', 1300),
(4243, 'B2.5', 4, '2022', 863),
(4244, 'B2.6', 4, '2022', 2567),
(4245, 'B2.7', 4, '2022', 157),
(4246, 'B2.8', 4, '2022', 1),
(4247, 'B2.9', 4, '2022', 2401),
(4248, 'BA.1', 4, '2022', 11672),
(4249, 'BA.10', 4, '2022', 4671),
(4250, 'BA.11', 4, '2022', 1718),
(4251, 'BA.12A', 4, '2022', 1),
(4252, 'BA.12B', 4, '2022', 3286),
(4253, 'BA.14', 4, '2022', 47),
(4254, 'BA.16', 4, '2022', 5479),
(4255, 'BA.17', 4, '2022', 2631),
(4256, 'BA.18', 4, '2022', 3634),
(4257, 'BA.19', 4, '2022', 1347),
(4258, 'BA.2', 4, '2022', 935),
(4259, 'BA.20', 4, '2022', 100),
(4260, 'BA.21', 4, '2022', 3378),
(4261, 'BA.22', 4, '2022', 4346),
(4262, 'BA.23', 4, '2022', 3293),
(4263, 'BA.24', 4, '2022', 772),
(4264, 'BA.25', 4, '2022', 238),
(4265, 'BA.26', 4, '2022', 41),
(4266, 'BA.27', 4, '2022', 53),
(4267, 'BA.28', 4, '2022', 1880),
(4268, 'BA.29', 4, '2022', 1604),
(4269, 'BA.30', 4, '2022', 1),
(4270, 'BA.31', 4, '2022', 724),
(4271, 'BA.32a.36a', 4, '2022', 814),
(4272, 'BA.32b', 4, '2022', 3198),
(4273, 'BA.33A', 4, '2022', 825),
(4274, 'BA.33B', 4, '2022', 2916),
(4275, 'BA.34', 4, '2022', 3456),
(4276, 'BA.35', 4, '2022', 4789),
(4277, 'BA.36b', 4, '2022', 2711),
(4278, 'BA.37A', 4, '2022', 1859),
(4279, 'BA.37B', 4, '2022', 1389),
(4280, 'BA.38', 4, '2022', 3221),
(4281, 'BA.39', 4, '2022', 681),
(4282, 'BA.3A', 4, '2022', 2759),
(4283, 'BA.3b', 4, '2022', 4035),
(4284, 'BA.40', 4, '2022', 546),
(4285, 'BA.41', 4, '2022', 3208),
(4286, 'BA.42', 4, '2022', 898),
(4287, 'BA.43', 4, '2022', 732),
(4288, 'BA.44', 4, '2022', 4659),
(4289, 'BA.45', 4, '2022', 11),
(4290, 'BA.46', 4, '2022', 4221),
(4291, 'BA.47', 4, '2022', 593),
(4292, 'BA.48', 4, '2022', 472),
(4293, 'BA.49', 4, '2022', 793),
(4294, 'BA.5', 4, '2022', 4500),
(4295, 'BA.50', 4, '2022', 1748),
(4296, 'BA.51', 4, '2022', 4239),
(4297, 'BA.52', 4, '2022', 1481),
(4298, 'BA.53', 4, '2022', 3482),
(4299, 'BA.54', 4, '2022', 87),
(4300, 'BA.55', 4, '2022', 3235),
(4301, 'BA.56', 4, '2022', 2259),
(4302, 'BA.57', 4, '2022', 3139),
(4303, 'BA.58', 4, '2022', 2311),
(4304, 'BA.59', 4, '2022', 521),
(4305, 'BA.6', 4, '2022', 1284),
(4306, 'BA.60', 4, '2022', 171),
(4307, 'BA.7', 4, '2022', 1686),
(4308, 'BA.8', 4, '2022', 6624),
(4309, 'BA.9', 4, '2022', 557),
(4310, 'C.1', 4, '2022', 11),
(4311, 'C.10', 4, '2022', 1),
(4312, 'C.11', 4, '2022', 2880),
(4313, 'C.12', 4, '2022', 111),
(4314, 'C.12AB', 4, '2022', 1335),
(4315, 'C.15', 4, '2022', 2776),
(4316, 'C.16', 4, '2022', 2373),
(4317, 'C.17', 4, '2022', 1589),
(4318, 'C.2', 4, '2022', 3154),
(4319, 'C.3', 4, '2022', 1980),
(4320, 'C.4', 4, '2022', 2694),
(4321, 'C.5', 4, '2022', 48),
(4322, 'C.6', 4, '2022', 3475),
(4323, 'C.7', 4, '2022', 2981),
(4324, 'C.7A', 4, '2022', 750),
(4325, 'C.7B', 4, '2022', 4027),
(4326, 'C.8', 4, '2022', 454),
(4327, 'C.9', 4, '2022', 1073),
(4328, 'D1.10.11', 4, '2022', 5621),
(4329, 'D1.12', 4, '2022', 3153),
(4330, 'D1.12A', 4, '2022', 4410),
(4331, 'D1.14', 4, '2022', 2135),
(4332, 'D1.15.16', 4, '2022', 130),
(4333, 'D1.17', 4, '2022', 8543),
(4334, 'D1.18', 4, '2022', 1446),
(4335, 'D1.19', 4, '2022', 4624),
(4336, 'D1.2', 4, '2022', 842),
(4337, 'D1.20', 4, '2022', 1995),
(4338, 'D1.3', 4, '2022', 1741),
(4339, 'D1.4', 4, '2022', 0),
(4340, 'D1.5', 4, '2022', 4229),
(4341, 'D1.6', 4, '2022', 1250),
(4342, 'D1.7', 4, '2022', 2855),
(4343, 'D1.8', 4, '2022', 8227),
(4344, 'D1.9', 4, '2022', 3245),
(4345, 'D2 24 ', 4, '2022', 4458),
(4346, 'D2.1', 4, '2022', 7694),
(4347, 'D2.10', 4, '2022', 5495),
(4348, 'D2.11', 4, '2022', 795),
(4349, 'D2.12', 4, '2022', 2549),
(4350, 'D2.12A', 4, '2022', 1344),
(4351, 'D2.14', 4, '2022', 2150),
(4352, 'D2.15', 4, '2022', 1155),
(4353, 'D2.16', 4, '2022', 2274),
(4354, 'D2.17', 4, '2022', 1917),
(4355, 'D2.18', 4, '2022', 1707),
(4356, 'D2.19', 4, '2022', 137),
(4357, 'D2.2', 4, '2022', 5664),
(4358, 'D2.20', 4, '2022', 3483),
(4359, 'D2.21.22', 4, '2022', 343),
(4360, 'D2.23', 4, '2022', 3053),
(4361, 'D2.27', 4, '2022', 3262),
(4362, 'D2.28', 4, '2022', 1980),
(4363, 'D2.29', 4, '2022', 1658),
(4364, 'D2.30', 4, '2022', 513),
(4365, 'D2.31', 4, '2022', 1959),
(4366, 'D2.32', 4, '2022', 3762),
(4367, 'D2.3A', 4, '2022', 4901),
(4368, 'D2.3B', 4, '2022', 4440),
(4369, 'D2.5', 4, '2022', 7001),
(4370, 'D2.6', 4, '2022', 1955),
(4371, 'D2.9', 4, '2022', 8036),
(4372, 'D3.1', 4, '2022', 2824),
(4373, 'D3.10', 4, '2022', 706),
(4374, 'D3.11', 4, '2022', 248),
(4375, 'D3.12A', 4, '2022', 1063),
(4376, 'D3.12B', 4, '2022', 2469),
(4377, 'D3.14', 4, '2022', 2283),
(4378, 'D3.15', 4, '2022', 2004),
(4379, 'D3.16', 4, '2022', 1795),
(4380, 'D3.17', 4, '2022', 2779),
(4381, 'D3.18', 4, '2022', 5834),
(4382, 'D3.19', 4, '2022', 5499),
(4383, 'D3.2', 4, '2022', 899),
(4384, 'D3.20', 4, '2022', 3656);
INSERT INTO `meteran` (`idmeteran`, `idrumah`, `bulan`, `tahun`, `angkameteran`) VALUES
(4385, 'D3.21', 4, '2022', 2760),
(4386, 'D3.22', 4, '2022', 3831),
(4387, 'D3.23', 4, '2022', 804),
(4388, 'D3.24', 4, '2022', 1454),
(4389, 'D3.25', 4, '2022', 1441),
(4390, 'D3.26', 4, '2022', 1461),
(4391, 'D3.27', 4, '2022', 2908),
(4392, 'D3.28.29', 4, '2022', 59),
(4393, 'D3.30', 4, '2022', 1079),
(4394, 'D3.31', 4, '2022', 3983),
(4395, 'D3.3A', 4, '2022', 1207),
(4396, 'D3.5', 4, '2022', 3103),
(4397, 'D3.6', 4, '2022', 1599),
(4398, 'D3.7', 4, '2022', 520),
(4399, 'D3.8', 4, '2022', 1251),
(4400, 'D3.9', 4, '2022', 1522),
(4401, 'D4.11', 4, '2022', 199),
(4402, 'D4.12', 4, '2022', 312),
(4403, 'D4.13', 4, '2022', 2114),
(4404, 'D4.15', 4, '2022', 1563),
(4405, 'D4.16', 4, '2022', 1372),
(4406, 'D4.17', 4, '2022', 669),
(4407, 'D4.18', 4, '2022', 1654),
(4408, 'D4.19', 4, '2022', 3799),
(4409, 'D4.2', 4, '2022', 991),
(4410, 'D4.20', 4, '2022', 3888),
(4411, 'D4.21', 4, '2022', 1775),
(4412, 'D4.22', 4, '2022', 1664),
(4413, 'D4.23', 4, '2022', 730),
(4414, 'D4.24', 4, '2022', 1234),
(4415, 'D4.25', 4, '2022', 1129),
(4416, 'D4.26', 4, '2022', 1),
(4417, 'D4.27', 4, '2022', 1379),
(4418, 'D4.28', 4, '2022', 1603),
(4419, 'D4.29', 4, '2022', 2853),
(4420, 'D4.3', 4, '2022', 2287),
(4421, 'D4.30', 4, '2022', 2413),
(4422, 'D4.31', 4, '2022', 920),
(4423, 'D4.4', 4, '2022', 1305),
(4424, 'D4.5', 4, '2022', 627),
(4425, 'D4.6', 4, '2022', 1515),
(4426, 'D4.9', 4, '2022', 653),
(4427, 'E.1', 4, '2022', 2318),
(4428, 'E.10', 4, '2022', 108),
(4429, 'E.11', 4, '2022', 1969),
(4430, 'E.12A', 4, '2022', 2711),
(4431, 'E.12B', 4, '2022', 1),
(4432, 'E.14', 4, '2022', 1),
(4433, 'E.16', 4, '2022', 3981),
(4434, 'E.17', 4, '2022', 4728),
(4435, 'E.18', 4, '2022', 2102),
(4436, 'E.19', 4, '2022', 3018),
(4437, 'E.2', 4, '2022', 2654),
(4438, 'E.21', 4, '2022', 305),
(4439, 'E.22', 4, '2022', 4482),
(4440, 'E.23', 4, '2022', 3375),
(4441, 'E.24', 4, '2022', 680),
(4442, 'E.25', 4, '2022', 4027),
(4443, 'E.26', 4, '2022', 1689),
(4444, 'E.3A', 4, '2022', 1042),
(4445, 'E.3B', 4, '2022', 606),
(4446, 'E.5A', 4, '2022', 957),
(4447, 'E.5B', 4, '2022', 2930),
(4448, 'E.6', 4, '2022', 1316),
(4449, 'E.7A', 4, '2022', 1147),
(4450, 'E.7B', 4, '2022', 9130),
(4451, 'E.8', 4, '2022', 2810),
(4452, 'E.9A', 4, '2022', 3534),
(4453, 'E.9B', 4, '2022', 651),
(4454, 'E.9C', 4, '2022', 0),
(4455, 'F.10', 4, '2022', 3023),
(4456, 'F.11', 4, '2022', 2242),
(4457, 'F.12A', 4, '2022', 1084),
(4458, 'F.12B', 4, '2022', 128),
(4459, 'F.14', 4, '2022', 671),
(4460, 'F.15', 4, '2022', 247),
(4461, 'F.2', 4, '2022', 1008),
(4462, 'F.3A', 4, '2022', 1654),
(4463, 'F.3B', 4, '2022', 1763),
(4464, 'F.5', 4, '2022', 335),
(4465, 'F.6', 4, '2022', 1189),
(4466, 'F.7', 4, '2022', 2241),
(4467, 'F.8', 4, '2022', 1004),
(4468, 'F.9', 4, '2022', 2782),
(4469, 'G.1', 4, '2022', 1),
(4470, 'G.2', 4, '2022', 1431),
(4471, 'G.3', 4, '2022', 168),
(4472, 'A.1', 5, '2022', 4242),
(4473, 'A.10.11', 5, '2022', 4147),
(4474, 'A.12.13', 5, '2022', 5363),
(4475, 'A.14.15', 5, '2022', 1544),
(4476, 'A.16', 5, '2022', 31),
(4477, 'A.17', 5, '2022', 1582),
(4478, 'A.18', 5, '2022', 2036),
(4479, 'A.19', 5, '2022', 82),
(4480, 'A.2', 5, '2022', 847),
(4481, 'A.20', 5, '2022', 3228),
(4482, 'A.21', 5, '2022', 778),
(4483, 'A.23', 5, '2022', 365),
(4484, 'A.24', 5, '2022', 9),
(4485, 'A.3', 5, '2022', 2628),
(4486, 'A.4.5', 5, '2022', 3939),
(4487, 'A.8.9', 5, '2022', 361),
(4488, 'B.1', 5, '2022', 1357),
(4489, 'B.10', 5, '2022', 1723),
(4490, 'B.11', 5, '2022', 2869),
(4491, 'B.12', 5, '2022', 3331),
(4492, 'B.2', 5, '2022', 3925),
(4493, 'B.3', 5, '2022', 259),
(4494, 'B.4', 5, '2022', 1921),
(4495, 'B.5', 5, '2022', 2230),
(4496, 'B.6', 5, '2022', 1132),
(4497, 'B.8', 5, '2022', 2160),
(4498, 'B.9', 5, '2022', 2560),
(4499, 'B2.1', 5, '2022', 2281),
(4500, 'B2.10', 5, '2022', 30),
(4501, 'B2.12A', 5, '2022', 272),
(4502, 'B2.16', 5, '2022', 3920),
(4503, 'B2.2', 5, '2022', 4175),
(4504, 'B2.3', 5, '2022', 1791),
(4505, 'B2.4', 5, '2022', 1323),
(4506, 'B2.5', 5, '2022', 863),
(4507, 'B2.6', 5, '2022', 2585),
(4508, 'B2.7', 5, '2022', 157),
(4509, 'B2.8', 5, '2022', 1),
(4510, 'B2.9', 5, '2022', 2411),
(4511, 'BA.1', 5, '2022', 11722),
(4512, 'BA.10', 5, '2022', 4701),
(4513, 'BA.11', 5, '2022', 1718),
(4514, 'BA.12A', 5, '2022', 1),
(4515, 'BA.12B', 5, '2022', 3295),
(4516, 'BA.14', 5, '2022', 64),
(4517, 'BA.16', 5, '2022', 5516),
(4518, 'BA.17', 5, '2022', 2640),
(4519, 'BA.18', 5, '2022', 3660),
(4520, 'BA.19', 5, '2022', 1374),
(4521, 'BA.2', 5, '2022', 939),
(4522, 'BA.20', 5, '2022', 114),
(4523, 'BA.21', 5, '2022', 3412),
(4524, 'BA.22', 5, '2022', 4386),
(4525, 'BA.23', 5, '2022', 3338),
(4526, 'BA.24', 5, '2022', 772),
(4527, 'BA.25', 5, '2022', 259),
(4528, 'BA.26', 5, '2022', 48),
(4529, 'BA.27', 5, '2022', 65),
(4530, 'BA.28', 5, '2022', 1943),
(4531, 'BA.29', 5, '2022', 1616),
(4532, 'BA.30', 5, '2022', 1),
(4533, 'BA.31', 5, '2022', 724),
(4534, 'BA.32a.36a', 5, '2022', 838),
(4535, 'BA.32b', 5, '2022', 3249),
(4536, 'BA.33A', 5, '2022', 825),
(4537, 'BA.33B', 5, '2022', 2919),
(4538, 'BA.34', 5, '2022', 3462),
(4539, 'BA.35', 5, '2022', 4825),
(4540, 'BA.36b', 5, '2022', 2737),
(4541, 'BA.37A', 5, '2022', 1910),
(4542, 'BA.37B', 5, '2022', 1410),
(4543, 'BA.38', 5, '2022', 3239),
(4544, 'BA.39', 5, '2022', 705),
(4545, 'BA.3A', 5, '2022', 2776),
(4546, 'BA.3b', 5, '2022', 4038),
(4547, 'BA.40', 5, '2022', 546),
(4548, 'BA.41', 5, '2022', 3231),
(4549, 'BA.42', 5, '2022', 898),
(4550, 'BA.43', 5, '2022', 782),
(4551, 'BA.44', 5, '2022', 4672),
(4552, 'BA.45', 5, '2022', 20),
(4553, 'BA.46', 5, '2022', 4221),
(4554, 'BA.47', 5, '2022', 593),
(4555, 'BA.48', 5, '2022', 472),
(4556, 'BA.49', 5, '2022', 814),
(4557, 'BA.5', 5, '2022', 4523),
(4558, 'BA.50', 5, '2022', 1748),
(4559, 'BA.51', 5, '2022', 4258),
(4560, 'BA.52', 5, '2022', 1494),
(4561, 'BA.53', 5, '2022', 3509),
(4562, 'BA.54', 5, '2022', 109),
(4563, 'BA.55', 5, '2022', 3235),
(4564, 'BA.56', 5, '2022', 2273),
(4565, 'BA.57', 5, '2022', 3139),
(4566, 'BA.58', 5, '2022', 2315),
(4567, 'BA.59', 5, '2022', 521),
(4568, 'BA.6', 5, '2022', 1293),
(4569, 'BA.60', 5, '2022', 180),
(4570, 'BA.7', 5, '2022', 1717),
(4571, 'BA.8', 5, '2022', 6699),
(4572, 'BA.9', 5, '2022', 565),
(4573, 'C.1', 5, '2022', 11),
(4574, 'C.10', 5, '2022', 1),
(4575, 'C.11', 5, '2022', 2885),
(4576, 'C.12', 5, '2022', 194),
(4577, 'C.12AB', 5, '2022', 1341),
(4578, 'C.15', 5, '2022', 2778),
(4579, 'C.16', 5, '2022', 2409),
(4580, 'C.17', 5, '2022', 1592),
(4581, 'C.2', 5, '2022', 3173),
(4582, 'C.3', 5, '2022', 1980),
(4583, 'C.4', 5, '2022', 2710),
(4584, 'C.5', 5, '2022', 68),
(4585, 'C.6', 5, '2022', 3512),
(4586, 'C.7', 5, '2022', 3011),
(4587, 'C.7A', 5, '2022', 750),
(4588, 'C.7B', 5, '2022', 4109),
(4589, 'C.8', 5, '2022', 454),
(4590, 'C.9', 5, '2022', 1073),
(4591, 'D1.10.11', 5, '2022', 5645),
(4592, 'D1.12', 5, '2022', 3173),
(4593, 'D1.12A', 5, '2022', 4469),
(4594, 'D1.14', 5, '2022', 2151),
(4595, 'D1.15.16', 5, '2022', 147),
(4596, 'D1.17', 5, '2022', 8543),
(4597, 'D1.18', 5, '2022', 1461),
(4598, 'D1.19', 5, '2022', 4644),
(4599, 'D1.2', 5, '2022', 845),
(4600, 'D1.20', 5, '2022', 2021),
(4601, 'D1.3', 5, '2022', 1755),
(4602, 'D1.4', 5, '2022', 0),
(4603, 'D1.5', 5, '2022', 4256),
(4604, 'D1.6', 5, '2022', 1260),
(4605, 'D1.7', 5, '2022', 2869),
(4606, 'D1.8', 5, '2022', 8255),
(4607, 'D1.9', 5, '2022', 3279),
(4608, 'D2 24 ', 5, '2022', 4504),
(4609, 'D2.1', 5, '2022', 7792),
(4610, 'D2.10', 5, '2022', 5520),
(4611, 'D2.11', 5, '2022', 795),
(4612, 'D2.12', 5, '2022', 2558),
(4613, 'D2.12A', 5, '2022', 1358),
(4614, 'D2.14', 5, '2022', 2185),
(4615, 'D2.15', 5, '2022', 1166),
(4616, 'D2.16', 5, '2022', 2354),
(4617, 'D2.17', 5, '2022', 1957),
(4618, 'D2.18', 5, '2022', 1708),
(4619, 'D2.19', 5, '2022', 148),
(4620, 'D2.2', 5, '2022', 5676),
(4621, 'D2.20', 5, '2022', 3507),
(4622, 'D2.21.22', 5, '2022', 352),
(4623, 'D2.23', 5, '2022', 3053),
(4624, 'D2.27', 5, '2022', 3265),
(4625, 'D2.28', 5, '2022', 1980),
(4626, 'D2.29', 5, '2022', 1660),
(4627, 'D2.30', 5, '2022', 517),
(4628, 'D2.31', 5, '2022', 1966),
(4629, 'D2.32', 5, '2022', 3782),
(4630, 'D2.3A', 5, '2022', 4945),
(4631, 'D2.3B', 5, '2022', 4472),
(4632, 'D2.5', 5, '2022', 7148),
(4633, 'D2.6', 5, '2022', 1990),
(4634, 'D2.9', 5, '2022', 8143),
(4635, 'D3.1', 5, '2022', 2862),
(4636, 'D3.10', 5, '2022', 708),
(4637, 'D3.11', 5, '2022', 257),
(4638, 'D3.12A', 5, '2022', 1090),
(4639, 'D3.12B', 5, '2022', 2487),
(4640, 'D3.14', 5, '2022', 2299),
(4641, 'D3.15', 5, '2022', 2018),
(4642, 'D3.16', 5, '2022', 1822),
(4643, 'D3.17', 5, '2022', 2779),
(4644, 'D3.18', 5, '2022', 5884),
(4645, 'D3.19', 5, '2022', 5499),
(4646, 'D3.2', 5, '2022', 899),
(4647, 'D3.20', 5, '2022', 3691),
(4648, 'D3.21', 5, '2022', 2780),
(4649, 'D3.22', 5, '2022', 3842),
(4650, 'D3.23', 5, '2022', 804),
(4651, 'D3.24', 5, '2022', 1454),
(4652, 'D3.25', 5, '2022', 1452),
(4653, 'D3.26', 5, '2022', 1461),
(4654, 'D3.27', 5, '2022', 2928),
(4655, 'D3.28.29', 5, '2022', 59),
(4656, 'D3.30', 5, '2022', 1079),
(4657, 'D3.31', 5, '2022', 4020),
(4658, 'D3.3A', 5, '2022', 1217),
(4659, 'D3.5', 5, '2022', 3122),
(4660, 'D3.6', 5, '2022', 1599),
(4661, 'D3.7', 5, '2022', 523),
(4662, 'D3.8', 5, '2022', 1270),
(4663, 'D3.9', 5, '2022', 1557),
(4664, 'D4.11', 5, '2022', 199),
(4665, 'D4.12', 5, '2022', 316),
(4666, 'D4.13', 5, '2022', 2117),
(4667, 'D4.15', 5, '2022', 1573),
(4668, 'D4.16', 5, '2022', 1396),
(4669, 'D4.17', 5, '2022', 677),
(4670, 'D4.18', 5, '2022', 1675),
(4671, 'D4.19', 5, '2022', 3822),
(4672, 'D4.2', 5, '2022', 1008),
(4673, 'D4.20', 5, '2022', 3888),
(4674, 'D4.21', 5, '2022', 1792),
(4675, 'D4.22', 5, '2022', 1678),
(4676, 'D4.23', 5, '2022', 730),
(4677, 'D4.24', 5, '2022', 1236),
(4678, 'D4.25', 5, '2022', 1136),
(4679, 'D4.26', 5, '2022', 1),
(4680, 'D4.27', 5, '2022', 1396),
(4681, 'D4.28', 5, '2022', 1603),
(4682, 'D4.29', 5, '2022', 2859),
(4683, 'D4.3', 5, '2022', 2287),
(4684, 'D4.30', 5, '2022', 2464),
(4685, 'D4.31', 5, '2022', 920),
(4686, 'D4.4', 5, '2022', 1310),
(4687, 'D4.5', 5, '2022', 632),
(4688, 'D4.6', 5, '2022', 1537),
(4689, 'D4.9', 5, '2022', 653),
(4690, 'E.1', 5, '2022', 2327),
(4691, 'E.10', 5, '2022', 108),
(4692, 'E.11', 5, '2022', 1969),
(4693, 'E.12A', 5, '2022', 2718),
(4694, 'E.12B', 5, '2022', 1),
(4695, 'E.14', 5, '2022', 1),
(4696, 'E.16', 5, '2022', 4051),
(4697, 'E.17', 5, '2022', 4777),
(4698, 'E.18', 5, '2022', 2103),
(4699, 'E.19', 5, '2022', 3038),
(4700, 'E.2', 5, '2022', 2664),
(4701, 'E.21', 5, '2022', 305),
(4702, 'E.22', 5, '2022', 4497),
(4703, 'E.23', 5, '2022', 3375),
(4704, 'E.24', 5, '2022', 707),
(4705, 'E.25', 5, '2022', 4034),
(4706, 'E.26', 5, '2022', 1711),
(4707, 'E.3A', 5, '2022', 1042),
(4708, 'E.3B', 5, '2022', 606),
(4709, 'E.5A', 5, '2022', 977),
(4710, 'E.5B', 5, '2022', 2950),
(4711, 'E.6', 5, '2022', 1386),
(4712, 'E.7A', 5, '2022', 1161),
(4713, 'E.7B', 5, '2022', 9133),
(4714, 'E.8', 5, '2022', 2853),
(4715, 'E.9A', 5, '2022', 3574),
(4716, 'E.9B', 5, '2022', 667),
(4717, 'E.9C', 5, '2022', 0),
(4718, 'F.10', 5, '2022', 3042),
(4719, 'F.11', 5, '2022', 2269),
(4720, 'F.12A', 5, '2022', 1101),
(4721, 'F.12B', 5, '2022', 137),
(4722, 'F.14', 5, '2022', 673),
(4723, 'F.15', 5, '2022', 247),
(4724, 'F.2', 5, '2022', 1020),
(4725, 'F.3A', 5, '2022', 1659),
(4726, 'F.3B', 5, '2022', 1784),
(4727, 'F.5', 5, '2022', 416),
(4728, 'F.6', 5, '2022', 1218),
(4729, 'F.7', 5, '2022', 2250),
(4730, 'F.8', 5, '2022', 1021),
(4731, 'F.9', 5, '2022', 2785),
(4732, 'G.1', 5, '2022', 1),
(4733, 'G.2', 5, '2022', 1449),
(4734, 'G.3', 5, '2022', 192),
(4735, 'A.1', 6, '2022', 4242),
(4736, 'A.10.11', 6, '2022', 4384),
(4737, 'A.12.13', 6, '2022', 5398),
(4738, 'A.14.15', 6, '2022', 1579),
(4739, 'A.16', 6, '2022', 38),
(4740, 'A.17', 6, '2022', 1650),
(4741, 'A.18', 6, '2022', 2063),
(4742, 'A.19', 6, '2022', 115),
(4743, 'A.2', 6, '2022', 847),
(4744, 'A.20', 6, '2022', 3236),
(4745, 'A.21', 6, '2022', 813),
(4746, 'A.23', 6, '2022', 412),
(4747, 'A.24', 6, '2022', 9),
(4748, 'A.3', 6, '2022', 2628),
(4749, 'A.4.5', 6, '2022', 3948),
(4750, 'A.8.9', 6, '2022', 383),
(4751, 'B.1', 6, '2022', 1357),
(4752, 'B.10', 6, '2022', 1765),
(4753, 'B.11', 6, '2022', 2869),
(4754, 'B.12', 6, '2022', 3331),
(4755, 'B.2', 6, '2022', 3925),
(4756, 'B.3', 6, '2022', 260),
(4757, 'B.4', 6, '2022', 1962),
(4758, 'B.5', 6, '2022', 2238),
(4759, 'B.6', 6, '2022', 1145),
(4760, 'B.8', 6, '2022', 2160),
(4761, 'B.9', 6, '2022', 2571),
(4762, 'B2.1', 6, '2022', 2298),
(4763, 'B2.10', 6, '2022', 30),
(4764, 'B2.12A', 6, '2022', 272),
(4765, 'B2.16', 6, '2022', 3940),
(4766, 'B2.2', 6, '2022', 4194),
(4767, 'B2.3', 6, '2022', 1800),
(4768, 'B2.4', 6, '2022', 1354),
(4769, 'B2.5', 6, '2022', 865),
(4770, 'B2.6', 6, '2022', 2606),
(4771, 'B2.7', 6, '2022', 157),
(4772, 'B2.8', 6, '2022', 1),
(4773, 'B2.9', 6, '2022', 2472),
(4774, 'BA.1', 6, '2022', 11805),
(4775, 'BA.10', 6, '2022', 4752),
(4776, 'BA.11', 6, '2022', 1724),
(4777, 'BA.12A', 6, '2022', 1),
(4778, 'BA.12B', 6, '2022', 3312),
(4779, 'BA.14', 6, '2022', 85),
(4780, 'BA.16', 6, '2022', 5544),
(4781, 'BA.17', 6, '2022', 2645),
(4782, 'BA.18', 6, '2022', 3695),
(4783, 'BA.19', 6, '2022', 1394),
(4784, 'BA.2', 6, '2022', 944),
(4785, 'BA.20', 6, '2022', 128),
(4786, 'BA.21', 6, '2022', 3453),
(4787, 'BA.22', 6, '2022', 4442),
(4788, 'BA.23', 6, '2022', 3403),
(4789, 'BA.24', 6, '2022', 772),
(4790, 'BA.25', 6, '2022', 287),
(4791, 'BA.26', 6, '2022', 53),
(4792, 'BA.27', 6, '2022', 75),
(4793, 'BA.28', 6, '2022', 1968),
(4794, 'BA.29', 6, '2022', 1626),
(4795, 'BA.30', 6, '2022', 1),
(4796, 'BA.31', 6, '2022', 724),
(4797, 'BA.32a.36a', 6, '2022', 878),
(4798, 'BA.32b', 6, '2022', 3268),
(4799, 'BA.33A', 6, '2022', 825),
(4800, 'BA.33B', 6, '2022', 2929),
(4801, 'BA.34', 6, '2022', 3466),
(4802, 'BA.35', 6, '2022', 4874),
(4803, 'BA.36b', 6, '2022', 2773),
(4804, 'BA.37A', 6, '2022', 1927),
(4805, 'BA.37B', 6, '2022', 1422),
(4806, 'BA.38', 6, '2022', 3257),
(4807, 'BA.39', 6, '2022', 784),
(4808, 'BA.3A', 6, '2022', 2798),
(4809, 'BA.3b', 6, '2022', 4039),
(4810, 'BA.40', 6, '2022', 559),
(4811, 'BA.41', 6, '2022', 3278),
(4812, 'BA.42', 6, '2022', 898),
(4813, 'BA.43', 6, '2022', 832),
(4814, 'BA.44', 6, '2022', 4706),
(4815, 'BA.45', 6, '2022', 53),
(4816, 'BA.46', 6, '2022', 4221),
(4817, 'BA.47', 6, '2022', 596),
(4818, 'BA.48', 6, '2022', 472),
(4819, 'BA.49', 6, '2022', 823),
(4820, 'BA.5', 6, '2022', 4553),
(4821, 'BA.50', 6, '2022', 1748),
(4822, 'BA.51', 6, '2022', 4290),
(4823, 'BA.52', 6, '2022', 1494),
(4824, 'BA.53', 6, '2022', 3530),
(4825, 'BA.54', 6, '2022', 137),
(4826, 'BA.55', 6, '2022', 3235),
(4827, 'BA.56', 6, '2022', 2295),
(4828, 'BA.57', 6, '2022', 3139),
(4829, 'BA.58', 6, '2022', 2332),
(4830, 'BA.59', 6, '2022', 521),
(4831, 'BA.6', 6, '2022', 1303),
(4832, 'BA.60', 6, '2022', 201),
(4833, 'BA.7', 6, '2022', 1737),
(4834, 'BA.8', 6, '2022', 6704),
(4835, 'BA.9', 6, '2022', 580),
(4836, 'C.1', 6, '2022', 38),
(4837, 'C.10', 6, '2022', 1),
(4838, 'C.11', 6, '2022', 2899),
(4839, 'C.12', 6, '2022', 143),
(4840, 'C.12AB', 6, '2022', 1344),
(4841, 'C.15', 6, '2022', 2796),
(4842, 'C.16', 6, '2022', 2445),
(4843, 'C.17', 6, '2022', 1597),
(4844, 'C.2', 6, '2022', 3227),
(4845, 'C.3', 6, '2022', 1980),
(4846, 'C.4', 6, '2022', 2732),
(4847, 'C.5', 6, '2022', 85),
(4848, 'C.6', 6, '2022', 3540),
(4849, 'C.7', 6, '2022', 3041),
(4850, 'C.7A', 6, '2022', 750),
(4851, 'C.7B', 6, '2022', 4230),
(4852, 'C.8', 6, '2022', 454),
(4853, 'C.9', 6, '2022', 1073),
(4854, 'D1.10.11', 6, '2022', 5670),
(4855, 'D1.12', 6, '2022', 3197),
(4856, 'D1.12A', 6, '2022', 4508),
(4857, 'D1.14', 6, '2022', 2161),
(4858, 'D1.15.16', 6, '2022', 177),
(4859, 'D1.17', 6, '2022', 8588),
(4860, 'D1.18', 6, '2022', 1483),
(4861, 'D1.19', 6, '2022', 4680),
(4862, 'D1.2', 6, '2022', 856),
(4863, 'D1.20', 6, '2022', 2048),
(4864, 'D1.3', 6, '2022', 1774),
(4865, 'D1.4', 6, '2022', 0),
(4866, 'D1.5', 6, '2022', 4288),
(4867, 'D1.6', 6, '2022', 1272),
(4868, 'D1.7', 6, '2022', 2886),
(4869, 'D1.8', 6, '2022', 8291),
(4870, 'D1.9', 6, '2022', 3314),
(4871, 'D2 24 ', 6, '2022', 4533),
(4872, 'D2.1', 6, '2022', 7959),
(4873, 'D2.10', 6, '2022', 5553),
(4874, 'D2.11', 6, '2022', 795),
(4875, 'D2.12', 6, '2022', 2576),
(4876, 'D2.12A', 6, '2022', 1375),
(4877, 'D2.14', 6, '2022', 2230),
(4878, 'D2.15', 6, '2022', 1176),
(4879, 'D2.16', 6, '2022', 2393),
(4880, 'D2.17', 6, '2022', 1994),
(4881, 'D2.18', 6, '2022', 1708),
(4882, 'D2.19', 6, '2022', 154),
(4883, 'D2.2', 6, '2022', 5697),
(4884, 'D2.20', 6, '2022', 3514),
(4885, 'D2.21.22', 6, '2022', 483),
(4886, 'D2.23', 6, '2022', 0),
(4887, 'D2.27', 6, '2022', 3278),
(4888, 'D2.28', 6, '2022', 1980),
(4889, 'D2.29', 6, '2022', 1662),
(4890, 'D2.30', 6, '2022', 525),
(4891, 'D2.31', 6, '2022', 1973),
(4892, 'D2.32', 6, '2022', 3799),
(4893, 'D2.3A', 6, '2022', 4994),
(4894, 'D2.3B', 6, '2022', 4522),
(4895, 'D2.5', 6, '2022', 7300),
(4896, 'D2.6', 6, '2022', 2043),
(4897, 'D2.9', 6, '2022', 8048),
(4898, 'D3.1', 6, '2022', 2913),
(4899, 'D3.10', 6, '2022', 743),
(4900, 'D3.11', 6, '2022', 273),
(4901, 'D3.12A', 6, '2022', 1129),
(4902, 'D3.12B', 6, '2022', 2518),
(4903, 'D3.14', 6, '2022', 2330),
(4904, 'D3.15', 6, '2022', 2033),
(4905, 'D3.16', 6, '2022', 1855),
(4906, 'D3.17', 6, '2022', 2779),
(4907, 'D3.18', 6, '2022', 5940),
(4908, 'D3.19', 6, '2022', 5499),
(4909, 'D3.2', 6, '2022', 899),
(4910, 'D3.20', 6, '2022', 3736),
(4911, 'D3.21', 6, '2022', 2804),
(4912, 'D3.22', 6, '2022', 3855),
(4913, 'D3.23', 6, '2022', 804),
(4914, 'D3.24', 6, '2022', 1464),
(4915, 'D3.25', 6, '2022', 1465),
(4916, 'D3.26', 6, '2022', 1461),
(4917, 'D3.27', 6, '2022', 2956),
(4918, 'D3.28.29', 6, '2022', 59),
(4919, 'D3.30', 6, '2022', 1079),
(4920, 'D3.31', 6, '2022', 4059),
(4921, 'D3.3A', 6, '2022', 1224),
(4922, 'D3.5', 6, '2022', 3166),
(4923, 'D3.6', 6, '2022', 1599),
(4924, 'D3.7', 6, '2022', 528),
(4925, 'D3.8', 6, '2022', 1275),
(4926, 'D3.9', 6, '2022', 1586),
(4927, 'D4.11', 6, '2022', 200),
(4928, 'D4.12', 6, '2022', 323),
(4929, 'D4.13', 6, '2022', 2122),
(4930, 'D4.15', 6, '2022', 1593),
(4931, 'D4.16', 6, '2022', 1410),
(4932, 'D4.17', 6, '2022', 684),
(4933, 'D4.18', 6, '2022', 1700),
(4934, 'D4.19', 6, '2022', 3856),
(4935, 'D4.2', 6, '2022', 1036),
(4936, 'D4.20', 6, '2022', 3888),
(4937, 'D4.21', 6, '2022', 1811),
(4938, 'D4.22', 6, '2022', 1691),
(4939, 'D4.23', 6, '2022', 730),
(4940, 'D4.24', 6, '2022', 1240),
(4941, 'D4.25', 6, '2022', 1146),
(4942, 'D4.26', 6, '2022', 1),
(4943, 'D4.27', 6, '2022', 1413),
(4944, 'D4.28', 6, '2022', 1603),
(4945, 'D4.29', 6, '2022', 2869),
(4946, 'D4.3', 6, '2022', 2287),
(4947, 'D4.30', 6, '2022', 2502),
(4948, 'D4.31', 6, '2022', 930),
(4949, 'D4.4', 6, '2022', 1317),
(4950, 'D4.5', 6, '2022', 637),
(4951, 'D4.6', 6, '2022', 1557),
(4952, 'D4.9', 6, '2022', 653),
(4953, 'E.1', 6, '2022', 2344),
(4954, 'E.10', 6, '2022', 108),
(4955, 'E.11', 6, '2022', 1969),
(4956, 'E.12A', 6, '2022', 2720),
(4957, 'E.12B', 6, '2022', 1),
(4958, 'E.14', 6, '2022', 1),
(4959, 'E.16', 6, '2022', 4107),
(4960, 'E.17', 6, '2022', 4814),
(4961, 'E.18', 6, '2022', 2103),
(4962, 'E.19', 6, '2022', 3064),
(4963, 'E.2', 6, '2022', 2676),
(4964, 'E.21', 6, '2022', 305),
(4965, 'E.22', 6, '2022', 4518),
(4966, 'E.23', 6, '2022', 3375),
(4967, 'E.24', 6, '2022', 747),
(4968, 'E.25', 6, '2022', 4054),
(4969, 'E.26', 6, '2022', 1749),
(4970, 'E.3A', 6, '2022', 1042),
(4971, 'E.3B', 6, '2022', 606),
(4972, 'E.5A', 6, '2022', 992),
(4973, 'E.5B', 6, '2022', 2995),
(4974, 'E.6', 6, '2022', 1465),
(4975, 'E.7A', 6, '2022', 1171),
(4976, 'E.7B', 6, '2022', 9140),
(4977, 'E.8', 6, '2022', 2894),
(4978, 'E.9A', 6, '2022', 3618),
(4979, 'E.9B', 6, '2022', 678),
(4980, 'E.9C', 6, '2022', 0),
(4981, 'F.10', 6, '2022', 3075),
(4982, 'F.11', 6, '2022', 2294),
(4983, 'F.12A', 6, '2022', 1117),
(4984, 'F.12B', 6, '2022', 155),
(4985, 'F.14', 6, '2022', 673),
(4986, 'F.15', 6, '2022', 247),
(4987, 'F.2', 6, '2022', 1042),
(4988, 'F.3A', 6, '2022', 1662),
(4989, 'F.3B', 6, '2022', 1805),
(4990, 'F.5', 6, '2022', 452),
(4991, 'F.6', 6, '2022', 1242),
(4992, 'F.7', 6, '2022', 2262),
(4993, 'F.8', 6, '2022', 1039),
(4994, 'F.9', 6, '2022', 2787),
(4995, 'G.1', 6, '2022', 1),
(4996, 'G.2', 6, '2022', 1468),
(4997, 'G.3', 6, '2022', 223),
(4998, 'A.1', 7, '2022', 4242),
(4999, 'A.10.11', 7, '2022', 4442),
(5000, 'A.12.13', 7, '2022', 5440),
(5001, 'A.14.15', 7, '2022', 1614),
(5002, 'A.16', 7, '2022', 43),
(5003, 'A.17', 7, '2022', 1733),
(5004, 'A.18', 7, '2022', 2079),
(5005, 'A.19', 7, '2022', 134),
(5006, 'A.2', 7, '2022', 847),
(5007, 'A.20', 7, '2022', 3238),
(5008, 'A.21', 7, '2022', 841),
(5009, 'A.23', 7, '2022', 426),
(5010, 'A.24', 7, '2022', 9),
(5011, 'A.3', 7, '2022', 2628),
(5012, 'A.4.5', 7, '2022', 3959),
(5013, 'A.8.9', 7, '2022', 410),
(5014, 'B.1', 7, '2022', 1464),
(5015, 'B.10', 7, '2022', 1788),
(5016, 'B.11', 7, '2022', 2869),
(5017, 'B.12', 7, '2022', 3331),
(5018, 'B.2', 7, '2022', 3925),
(5019, 'B.3', 7, '2022', 262),
(5020, 'B.4', 7, '2022', 1999),
(5021, 'B.5', 7, '2022', 2245),
(5022, 'B.6', 7, '2022', 1149),
(5023, 'B.8', 7, '2022', 2403),
(5024, 'B.9', 7, '2022', 2590),
(5025, 'B2.1', 7, '2022', 2306),
(5026, 'B2.10', 7, '2022', 30),
(5027, 'B2.12A', 7, '2022', 273),
(5028, 'B2.16', 7, '2022', 3950),
(5029, 'B2.2', 7, '2022', 4203),
(5030, 'B2.3', 7, '2022', 1830),
(5031, 'B2.4', 7, '2022', 1358),
(5032, 'B2.5', 7, '2022', 865),
(5033, 'B2.6', 7, '2022', 2622),
(5034, 'B2.7', 7, '2022', 157),
(5035, 'B2.8', 7, '2022', 1),
(5036, 'B2.9', 7, '2022', 2519),
(5037, 'BA.1', 7, '2022', 11861),
(5038, 'BA.10', 7, '2022', 4963),
(5039, 'BA.11', 7, '2022', 1730),
(5040, 'BA.12A', 7, '2022', 1),
(5041, 'BA.12B', 7, '2022', 3320),
(5042, 'BA.14', 7, '2022', 100),
(5043, 'BA.16', 7, '2022', 5567),
(5044, 'BA.17', 7, '2022', 2650),
(5045, 'BA.18', 7, '2022', 3719),
(5046, 'BA.19', 7, '2022', 1394),
(5047, 'BA.2', 7, '2022', 950),
(5048, 'BA.20', 7, '2022', 140),
(5049, 'BA.21', 7, '2022', 3490),
(5050, 'BA.22', 7, '2022', 4499),
(5051, 'BA.23', 7, '2022', 3456),
(5052, 'BA.24', 7, '2022', 772),
(5053, 'BA.25', 7, '2022', 314),
(5054, 'BA.26', 7, '2022', 60),
(5055, 'BA.27', 7, '2022', 75),
(5056, 'BA.28', 7, '2022', 1978),
(5057, 'BA.29', 7, '2022', 1648),
(5058, 'BA.30', 7, '2022', 1),
(5059, 'BA.31', 7, '2022', 729),
(5060, 'BA.32a.36a', 7, '2022', 920),
(5061, 'BA.32b', 7, '2022', 3300),
(5062, 'BA.33A', 7, '2022', 825),
(5063, 'BA.33B', 7, '2022', 2938),
(5064, 'BA.34', 7, '2022', 3469),
(5065, 'BA.35', 7, '2022', 4929),
(5066, 'BA.36b', 7, '2022', 2808),
(5067, 'BA.37A', 7, '2022', 1944),
(5068, 'BA.37B', 7, '2022', 1456),
(5069, 'BA.38', 7, '2022', 3276),
(5070, 'BA.39', 7, '2022', 825),
(5071, 'BA.3A', 7, '2022', 2812),
(5072, 'BA.3b', 7, '2022', 4042),
(5073, 'BA.40', 7, '2022', 562),
(5074, 'BA.41', 7, '2022', 3315),
(5075, 'BA.42', 7, '2022', 898),
(5076, 'BA.43', 7, '2022', 882),
(5077, 'BA.44', 7, '2022', 4747),
(5078, 'BA.45', 7, '2022', 79),
(5079, 'BA.46', 7, '2022', 4227),
(5080, 'BA.47', 7, '2022', 601),
(5081, 'BA.48', 7, '2022', 472),
(5082, 'BA.49', 7, '2022', 830),
(5083, 'BA.5', 7, '2022', 4581),
(5084, 'BA.50', 7, '2022', 1748),
(5085, 'BA.51', 7, '2022', 4314),
(5086, 'BA.52', 7, '2022', 1494),
(5087, 'BA.53', 7, '2022', 3564),
(5088, 'BA.54', 7, '2022', 158),
(5089, 'BA.55', 7, '2022', 3236),
(5090, 'BA.56', 7, '2022', 2310),
(5091, 'BA.57', 7, '2022', 3191),
(5092, 'BA.58', 7, '2022', 2352),
(5093, 'BA.59', 7, '2022', 521),
(5094, 'BA.6', 7, '2022', 1316),
(5095, 'BA.60', 7, '2022', 216),
(5096, 'BA.7', 7, '2022', 1771),
(5097, 'BA.8', 7, '2022', 6737),
(5098, 'BA.9', 7, '2022', 588),
(5099, 'C.1', 7, '2022', 50),
(5100, 'C.10', 7, '2022', 1),
(5101, 'C.11', 7, '2022', 2900),
(5102, 'C.12', 7, '2022', 149),
(5103, 'C.12AB', 7, '2022', 1348),
(5104, 'C.15', 7, '2022', 2806),
(5105, 'C.16', 7, '2022', 2445),
(5106, 'C.17', 7, '2022', 1605),
(5107, 'C.2', 7, '2022', 3269),
(5108, 'C.3', 7, '2022', 1980),
(5109, 'C.4', 7, '2022', 2746),
(5110, 'C.5', 7, '2022', 93),
(5111, 'C.6', 7, '2022', 3584),
(5112, 'C.7', 7, '2022', 3052),
(5113, 'C.7A', 7, '2022', 755),
(5114, 'C.7B', 7, '2022', 4344),
(5115, 'C.8', 7, '2022', 454),
(5116, 'C.9', 7, '2022', 1073),
(5117, 'D1.10.11', 7, '2022', 5693),
(5118, 'D1.12', 7, '2022', 3216),
(5119, 'D1.12A', 7, '2022', 4540),
(5120, 'D1.14', 7, '2022', 2172),
(5121, 'D1.15.16', 7, '2022', 202),
(5122, 'D1.17', 7, '2022', 8588),
(5123, 'D1.18', 7, '2022', 1493),
(5124, 'D1.19', 7, '2022', 4710),
(5125, 'D1.2', 7, '2022', 867),
(5126, 'D1.20', 7, '2022', 2069),
(5127, 'D1.3', 7, '2022', 1783),
(5128, 'D1.4', 7, '2022', 0),
(5129, 'D1.5', 7, '2022', 4320),
(5130, 'D1.6', 7, '2022', 1286),
(5131, 'D1.7', 7, '2022', 2891),
(5132, 'D1.8', 7, '2022', 8331),
(5133, 'D1.9', 7, '2022', 3342),
(5134, 'D2 24 ', 7, '2022', 4681),
(5135, 'D2.1', 7, '2022', 8049),
(5136, 'D2.10', 7, '2022', 5584),
(5137, 'D2.11', 7, '2022', 795),
(5138, 'D2.12', 7, '2022', 2593),
(5139, 'D2.12A', 7, '2022', 1389),
(5140, 'D2.14', 7, '2022', 2260),
(5141, 'D2.15', 7, '2022', 1188),
(5142, 'D2.16', 7, '2022', 2401),
(5143, 'D2.17', 7, '2022', 2033),
(5144, 'D2.18', 7, '2022', 1722),
(5145, 'D2.19', 7, '2022', 163),
(5146, 'D2.2', 7, '2022', 5711),
(5147, 'D2.20', 7, '2022', 3518),
(5148, 'D2.21.22', 7, '2022', 537),
(5149, 'D2.23', 7, '2022', 0),
(5150, 'D2.27', 7, '2022', 3296),
(5151, 'D2.28', 7, '2022', 1980),
(5152, 'D2.29', 7, '2022', 1665),
(5153, 'D2.30', 7, '2022', 533),
(5154, 'D2.31', 7, '2022', 27),
(5155, 'D2.32', 7, '2022', 3815),
(5156, 'D2.3A', 7, '2022', 5030),
(5157, 'D2.3B', 7, '2022', 4561),
(5158, 'D2.5', 7, '2022', 7495),
(5159, 'D2.6', 7, '2022', 2089),
(5160, 'D2.9', 7, '2022', 8754),
(5161, 'D3.1', 7, '2022', 2961),
(5162, 'D3.10', 7, '2022', 744),
(5163, 'D3.11', 7, '2022', 282),
(5164, 'D3.12A', 7, '2022', 1159),
(5165, 'D3.12B', 7, '2022', 2538),
(5166, 'D3.14', 7, '2022', 2364),
(5167, 'D3.15', 7, '2022', 2052),
(5168, 'D3.16', 7, '2022', 1883),
(5169, 'D3.17', 7, '2022', 2779),
(5170, 'D3.18', 7, '2022', 5998),
(5171, 'D3.19', 7, '2022', 5499),
(5172, 'D3.2', 7, '2022', 899),
(5173, 'D3.20', 7, '2022', 3772),
(5174, 'D3.21', 7, '2022', 2829),
(5175, 'D3.22', 7, '2022', 3867),
(5176, 'D3.23', 7, '2022', 804),
(5177, 'D3.24', 7, '2022', 1464),
(5178, 'D3.25', 7, '2022', 1461),
(5179, 'D3.26', 7, '2022', 1461),
(5180, 'D3.27', 7, '2022', 2977),
(5181, 'D3.28.29', 7, '2022', 59),
(5182, 'D3.30', 7, '2022', 1078),
(5183, 'D3.31', 7, '2022', 4078),
(5184, 'D3.3A', 7, '2022', 1232),
(5185, 'D3.5', 7, '2022', 3199),
(5186, 'D3.6', 7, '2022', 1599),
(5187, 'D3.7', 7, '2022', 652),
(5188, 'D3.8', 7, '2022', 1286),
(5189, 'D3.9', 7, '2022', 1600),
(5190, 'D4.11', 7, '2022', 203),
(5191, 'D4.12', 7, '2022', 390),
(5192, 'D4.13', 7, '2022', 2126),
(5193, 'D4.15', 7, '2022', 1610),
(5194, 'D4.16', 7, '2022', 1437),
(5195, 'D4.17', 7, '2022', 692),
(5196, 'D4.18', 7, '2022', 1723),
(5197, 'D4.19', 7, '2022', 3882),
(5198, 'D4.2', 7, '2022', 1064),
(5199, 'D4.20', 7, '2022', 3888),
(5200, 'D4.21', 7, '2022', 1811),
(5201, 'D4.22', 7, '2022', 1701),
(5202, 'D4.23', 7, '2022', 730),
(5203, 'D4.24', 7, '2022', 1281),
(5204, 'D4.25', 7, '2022', 1152),
(5205, 'D4.26', 7, '2022', 1),
(5206, 'D4.27', 7, '2022', 1433),
(5207, 'D4.28', 7, '2022', 1623),
(5208, 'D4.29', 7, '2022', 2877),
(5209, 'D4.3', 7, '2022', 2287),
(5210, 'D4.30', 7, '2022', 2533),
(5211, 'D4.31', 7, '2022', 935),
(5212, 'D4.4', 7, '2022', 1333),
(5213, 'D4.5', 7, '2022', 670),
(5214, 'D4.6', 7, '2022', 1574),
(5215, 'D4.9', 7, '2022', 653),
(5216, 'E.1', 7, '2022', 2357),
(5217, 'E.10', 7, '2022', 108),
(5218, 'E.11', 7, '2022', 1969),
(5219, 'E.12A', 7, '2022', 2765),
(5220, 'E.12B', 7, '2022', 1),
(5221, 'E.14', 7, '2022', 1),
(5222, 'E.16', 7, '2022', 4107),
(5223, 'E.17', 7, '2022', 4862),
(5224, 'E.18', 7, '2022', 2157),
(5225, 'E.19', 7, '2022', 3083),
(5226, 'E.2', 7, '2022', 2689),
(5227, 'E.21', 7, '2022', 305),
(5228, 'E.22', 7, '2022', 4534),
(5229, 'E.23', 7, '2022', 3375),
(5230, 'E.24', 7, '2022', 776),
(5231, 'E.25', 7, '2022', 4068),
(5232, 'E.26', 7, '2022', 1783),
(5233, 'E.3A', 7, '2022', 1042),
(5234, 'E.3B', 7, '2022', 606),
(5235, 'E.5A', 7, '2022', 1012),
(5236, 'E.5B', 7, '2022', 3023),
(5237, 'E.6', 7, '2022', 1533),
(5238, 'E.7A', 7, '2022', 1185),
(5239, 'E.7B', 7, '2022', 9704),
(5240, 'E.8', 7, '2022', 2933),
(5241, 'E.9A', 7, '2022', 3662),
(5242, 'E.9B', 7, '2022', 678),
(5243, 'E.9C', 7, '2022', 0),
(5244, 'F.10', 7, '2022', 3113),
(5245, 'F.11', 7, '2022', 2322),
(5246, 'F.12A', 7, '2022', 1133),
(5247, 'F.12B', 7, '2022', 162),
(5248, 'F.14', 7, '2022', 673),
(5249, 'F.15', 7, '2022', 247),
(5250, 'F.2', 7, '2022', 1062),
(5251, 'F.3A', 7, '2022', 1663),
(5252, 'F.3B', 7, '2022', 1902),
(5253, 'F.5', 7, '2022', 452),
(5254, 'F.6', 7, '2022', 1270),
(5255, 'F.7', 7, '2022', 2276),
(5256, 'F.8', 7, '2022', 1052),
(5257, 'F.9', 7, '2022', 2787),
(5258, 'G.1', 7, '2022', 1),
(5259, 'G.2', 7, '2022', 1485),
(5260, 'G.3', 7, '2022', 247),
(5261, 'A.1', 8, '2022', 4246),
(5262, 'A.10.11', 8, '2022', 4472),
(5263, 'A.12.13', 8, '2022', 5486),
(5264, 'A.14.15', 8, '2022', 1641),
(5265, 'A.16', 8, '2022', 50),
(5266, 'A.17', 8, '2022', 1734),
(5267, 'A.18', 8, '2022', 2069),
(5268, 'A.19', 8, '2022', 162),
(5269, 'A.2', 8, '2022', 847),
(5270, 'A.20', 8, '2022', 3244),
(5271, 'A.21', 8, '2022', 864),
(5272, 'A.23', 8, '2022', 456),
(5273, 'A.24', 8, '2022', 9),
(5274, 'A.3', 8, '2022', 2628),
(5275, 'A.4.5', 8, '2022', 3972),
(5276, 'A.8.9', 8, '2022', 434),
(5277, 'B.1', 8, '2022', 1486),
(5278, 'B.10', 8, '2022', 1830),
(5279, 'B.11', 8, '2022', 2869),
(5280, 'B.12', 8, '2022', 3346),
(5281, 'B.2', 8, '2022', 3925),
(5282, 'B.3', 8, '2022', 271),
(5283, 'B.4', 8, '2022', 2035),
(5284, 'B.5', 8, '2022', 2254),
(5285, 'B.6', 8, '2022', 1169),
(5286, 'B.8', 8, '2022', 2403),
(5287, 'B.9', 8, '2022', 2630),
(5288, 'B2.1', 8, '2022', 23),
(5289, 'B2.10', 8, '2022', 30),
(5290, 'B2.12A', 8, '2022', 274),
(5291, 'B2.16', 8, '2022', 3956),
(5292, 'B2.2', 8, '2022', 4208),
(5293, 'B2.3', 8, '2022', 1840),
(5294, 'B2.4', 8, '2022', 1359),
(5295, 'B2.5', 8, '2022', 865),
(5296, 'B2.6', 8, '2022', 2630),
(5297, 'B2.7', 8, '2022', 157),
(5298, 'B2.8', 8, '2022', 1),
(5299, 'B2.9', 8, '2022', 2542),
(5300, 'BA.1', 8, '2022', 11937),
(5301, 'BA.10', 8, '2022', 5175),
(5302, 'BA.11', 8, '2022', 1737),
(5303, 'BA.12A', 8, '2022', 1),
(5304, 'BA.12B', 8, '2022', 3330),
(5305, 'BA.14', 8, '2022', 117),
(5306, 'BA.16', 8, '2022', 5602),
(5307, 'BA.17', 8, '2022', 2658),
(5308, 'BA.18', 8, '2022', 3752),
(5309, 'BA.19', 8, '2022', 1394),
(5310, 'BA.2', 8, '2022', 957),
(5311, 'BA.20', 8, '2022', 155),
(5312, 'BA.21', 8, '2022', 3532),
(5313, 'BA.22', 8, '2022', 4547),
(5314, 'BA.23', 8, '2022', 3557),
(5315, 'BA.24', 8, '2022', 773),
(5316, 'BA.25', 8, '2022', 343),
(5317, 'BA.26', 8, '2022', 60),
(5318, 'BA.27', 8, '2022', 84),
(5319, 'BA.28', 8, '2022', 1978),
(5320, 'BA.29', 8, '2022', 1677),
(5321, 'BA.30', 8, '2022', 1),
(5322, 'BA.31', 8, '2022', 729),
(5323, 'BA.32a.36a', 8, '2022', 972),
(5324, 'BA.32b', 8, '2022', 3331),
(5325, 'BA.33A', 8, '2022', 825),
(5326, 'BA.33B', 8, '2022', 2951),
(5327, 'BA.34', 8, '2022', 3477),
(5328, 'BA.35', 8, '2022', 4982),
(5329, 'BA.36b', 8, '2022', 2823),
(5330, 'BA.37A', 8, '2022', 1963),
(5331, 'BA.37B', 8, '2022', 1484),
(5332, 'BA.38', 8, '2022', 3293),
(5333, 'BA.39', 8, '2022', 889),
(5334, 'BA.3A', 8, '2022', 2830),
(5335, 'BA.3b', 8, '2022', 4049),
(5336, 'BA.40', 8, '2022', 562),
(5337, 'BA.41', 8, '2022', 3342),
(5338, 'BA.42', 8, '2022', 898),
(5339, 'BA.43', 8, '2022', 932),
(5340, 'BA.44', 8, '2022', 4787),
(5341, 'BA.45', 8, '2022', 106),
(5342, 'BA.46', 8, '2022', 4227),
(5343, 'BA.47', 8, '2022', 610),
(5344, 'BA.48', 8, '2022', 472),
(5345, 'BA.49', 8, '2022', 843),
(5346, 'BA.5', 8, '2022', 4617),
(5347, 'BA.50', 8, '2022', 1748),
(5348, 'BA.51', 8, '2022', 4342),
(5349, 'BA.52', 8, '2022', 1494),
(5350, 'BA.53', 8, '2022', 3593),
(5351, 'BA.54', 8, '2022', 194),
(5352, 'BA.55', 8, '2022', 3235),
(5353, 'BA.56', 8, '2022', 2334),
(5354, 'BA.57', 8, '2022', 3201),
(5355, 'BA.58', 8, '2022', 2372),
(5356, 'BA.59', 8, '2022', 521),
(5357, 'BA.6', 8, '2022', 1329),
(5358, 'BA.60', 8, '2022', 226),
(5359, 'BA.7', 8, '2022', 1791),
(5360, 'BA.8', 8, '2022', 6786),
(5361, 'BA.9', 8, '2022', 596),
(5362, 'C.1', 8, '2022', 60),
(5363, 'C.10', 8, '2022', 1),
(5364, 'C.11', 8, '2022', 2910),
(5365, 'C.12', 8, '2022', 150),
(5366, 'C.12AB', 8, '2022', 1349),
(5367, 'C.15', 8, '2022', 2806),
(5368, 'C.16', 8, '2022', 2481),
(5369, 'C.17', 8, '2022', 1625),
(5370, 'C.2', 8, '2022', 3307),
(5371, 'C.3', 8, '2022', 1980),
(5372, 'C.4', 8, '2022', 2789),
(5373, 'C.5', 8, '2022', 98),
(5374, 'C.6', 8, '2022', 3592),
(5375, 'C.7', 8, '2022', 3075),
(5376, 'C.7A', 8, '2022', 763),
(5377, 'C.7B', 8, '2022', 4384),
(5378, 'C.8', 8, '2022', 454),
(5379, 'C.9', 8, '2022', 1073),
(5380, 'D1.10.11', 8, '2022', 5712),
(5381, 'D1.12', 8, '2022', 3233),
(5382, 'D1.12A', 8, '2022', 4556),
(5383, 'D1.14', 8, '2022', 2188),
(5384, 'D1.15.16', 8, '2022', 219),
(5385, 'D1.17', 8, '2022', 8588),
(5386, 'D1.18', 8, '2022', 1503),
(5387, 'D1.19', 8, '2022', 4735),
(5388, 'D1.2', 8, '2022', 877),
(5389, 'D1.20', 8, '2022', 2089),
(5390, 'D1.3', 8, '2022', 1791),
(5391, 'D1.4', 8, '2022', 0),
(5392, 'D1.5', 8, '2022', 4333),
(5393, 'D1.6', 8, '2022', 1290),
(5394, 'D1.7', 8, '2022', 2898),
(5395, 'D1.8', 8, '2022', 8358),
(5396, 'D1.9', 8, '2022', 3358),
(5397, 'D2 24 ', 8, '2022', 4700),
(5398, 'D2.1', 8, '2022', 8117),
(5399, 'D2.10', 8, '2022', 5611),
(5400, 'D2.11', 8, '2022', 795),
(5401, 'D2.12', 8, '2022', 2620),
(5402, 'D2.12A', 8, '2022', 1405),
(5403, 'D2.14', 8, '2022', 2288),
(5404, 'D2.15', 8, '2022', 1204),
(5405, 'D2.16', 8, '2022', 2402),
(5406, 'D2.17', 8, '2022', 2072),
(5407, 'D2.18', 8, '2022', 1763),
(5408, 'D2.19', 8, '2022', 172),
(5409, 'D2.2', 8, '2022', 5712),
(5410, 'D2.20', 8, '2022', 3519),
(5411, 'D2.21.22', 8, '2022', 574),
(5412, 'D2.23', 8, '2022', 0),
(5413, 'D2.27', 8, '2022', 3309),
(5414, 'D2.28', 8, '2022', 1980),
(5415, 'D2.29', 8, '2022', 1687),
(5416, 'D2.30', 8, '2022', 542),
(5417, 'D2.31', 8, '2022', 44),
(5418, 'D2.32', 8, '2022', 3827),
(5419, 'D2.3A', 8, '2022', 5086),
(5420, 'D2.3B', 8, '2022', 4600),
(5421, 'D2.5', 8, '2022', 7557),
(5422, 'D2.6', 8, '2022', 2132),
(5423, 'D2.9', 8, '2022', 8754),
(5424, 'D3.1', 8, '2022', 2978),
(5425, 'D3.10', 8, '2022', 764),
(5426, 'D3.11', 8, '2022', 302),
(5427, 'D3.12A', 8, '2022', 1188),
(5428, 'D3.12B', 8, '2022', 2583),
(5429, 'D3.14', 8, '2022', 2398),
(5430, 'D3.15', 8, '2022', 2070),
(5431, 'D3.16', 8, '2022', 1902),
(5432, 'D3.17', 8, '2022', 2781),
(5433, 'D3.18', 8, '2022', 6037),
(5434, 'D3.19', 8, '2022', 5499),
(5435, 'D3.2', 8, '2022', 899),
(5436, 'D3.20', 8, '2022', 3799),
(5437, 'D3.21', 8, '2022', 2845),
(5438, 'D3.22', 8, '2022', 3880),
(5439, 'D3.23', 8, '2022', 804),
(5440, 'D3.24', 8, '2022', 1464),
(5441, 'D3.25', 8, '2022', 1488),
(5442, 'D3.26', 8, '2022', 1468),
(5443, 'D3.27', 8, '2022', 2995),
(5444, 'D3.28.29', 8, '2022', 59),
(5445, 'D3.30', 8, '2022', 1079),
(5446, 'D3.31', 8, '2022', 4099),
(5447, 'D3.3A', 8, '2022', 1242),
(5448, 'D3.5', 8, '2022', 3229),
(5449, 'D3.6', 8, '2022', 1599),
(5450, 'D3.7', 8, '2022', 698),
(5451, 'D3.8', 8, '2022', 1294),
(5452, 'D3.9', 8, '2022', 1623),
(5453, 'D4.11', 8, '2022', 200),
(5454, 'D4.12', 8, '2022', 390),
(5455, 'D4.13', 8, '2022', 2130),
(5456, 'D4.15', 8, '2022', 1613),
(5457, 'D4.16', 8, '2022', 1442),
(5458, 'D4.17', 8, '2022', 694),
(5459, 'D4.18', 8, '2022', 1728),
(5460, 'D4.19', 8, '2022', 3891),
(5461, 'D4.2', 8, '2022', 1087),
(5462, 'D4.20', 8, '2022', 3888),
(5463, 'D4.21', 8, '2022', 1813),
(5464, 'D4.22', 8, '2022', 1713),
(5465, 'D4.23', 8, '2022', 730),
(5466, 'D4.24', 8, '2022', 1303),
(5467, 'D4.25', 8, '2022', 1154),
(5468, 'D4.26', 8, '2022', 1),
(5469, 'D4.27', 8, '2022', 1439),
(5470, 'D4.28', 8, '2022', 1623),
(5471, 'D4.29', 8, '2022', 2881),
(5472, 'D4.3', 8, '2022', 2291),
(5473, 'D4.30', 8, '2022', 2545),
(5474, 'D4.31', 8, '2022', 933),
(5475, 'D4.4', 8, '2022', 1337),
(5476, 'D4.5', 8, '2022', 675),
(5477, 'D4.6', 8, '2022', 1593),
(5478, 'D4.9', 8, '2022', 653),
(5479, 'E.1', 8, '2022', 2365),
(5480, 'E.10', 8, '2022', 108),
(5481, 'E.11', 8, '2022', 1970),
(5482, 'E.12A', 8, '2022', 2773),
(5483, 'E.12B', 8, '2022', 1),
(5484, 'E.14', 8, '2022', 1),
(5485, 'E.16', 8, '2022', 4107),
(5486, 'E.17', 8, '2022', 4876),
(5487, 'E.18', 8, '2022', 2128),
(5488, 'E.19', 8, '2022', 3111),
(5489, 'E.2', 8, '2022', 2695),
(5490, 'E.21', 8, '2022', 305),
(5491, 'E.22', 8, '2022', 1557),
(5492, 'E.23', 8, '2022', 3375),
(5493, 'E.24', 8, '2022', 810),
(5494, 'E.25', 8, '2022', 4071),
(5495, 'E.26', 8, '2022', 1800),
(5496, 'E.3A', 8, '2022', 1042),
(5497, 'E.3B', 8, '2022', 606),
(5498, 'E.5A', 8, '2022', 1021),
(5499, 'E.5B', 8, '2022', 3043),
(5500, 'E.6', 8, '2022', 1589),
(5501, 'E.7A', 8, '2022', 1206),
(5502, 'E.7B', 8, '2022', 9740),
(5503, 'E.8', 8, '2022', 2858),
(5504, 'E.9A', 8, '2022', 3668),
(5505, 'E.9B', 8, '2022', 679),
(5506, 'E.9C', 8, '2022', 0),
(5507, 'F.10', 8, '2022', 3118),
(5508, 'F.11', 8, '2022', 2334),
(5509, 'F.12A', 8, '2022', 1149),
(5510, 'F.12B', 8, '2022', 172),
(5511, 'F.14', 8, '2022', 674),
(5512, 'F.15', 8, '2022', 247),
(5513, 'F.2', 8, '2022', 1081),
(5514, 'F.3A', 8, '2022', 1677),
(5515, 'F.3B', 8, '2022', 1931),
(5516, 'F.5', 8, '2022', 452),
(5517, 'F.6', 8, '2022', 1280),
(5518, 'F.7', 8, '2022', 2287),
(5519, 'F.8', 8, '2022', 1065),
(5520, 'F.9', 8, '2022', 2787),
(5521, 'G.1', 8, '2022', 1),
(5522, 'G.2', 8, '2022', 1489),
(5523, 'G.3', 8, '2022', 260),
(5524, 'A.1', 9, '2022', 4246),
(5525, 'A.10.11', 9, '2022', 4490),
(5526, 'A.12.13', 9, '2022', 5506),
(5527, 'A.14.15', 9, '2022', 1657),
(5528, 'A.16', 9, '2022', 55),
(5529, 'A.17', 9, '2022', 1749),
(5530, 'A.18', 9, '2022', 2111),
(5531, 'A.19', 9, '2022', 184),
(5532, 'A.2', 9, '2022', 847),
(5533, 'A.20', 9, '2022', 3249),
(5534, 'A.21', 9, '2022', 876),
(5535, 'A.23', 9, '2022', 477),
(5536, 'A.24', 9, '2022', 9),
(5537, 'A.3', 9, '2022', 2628),
(5538, 'A.4.5', 9, '2022', 3981),
(5539, 'A.8.9', 9, '2022', 451),
(5540, 'B.1', 9, '2022', 1492),
(5541, 'B.10', 9, '2022', 6981),
(5542, 'B.11', 9, '2022', 2869),
(5543, 'B.12', 9, '2022', 3362),
(5544, 'B.2', 9, '2022', 3956),
(5545, 'B.3', 9, '2022', 282),
(5546, 'B.4', 9, '2022', 2063),
(5547, 'B.5', 9, '2022', 2261),
(5548, 'B.6', 9, '2022', 1196),
(5549, 'B.8', 9, '2022', 2403),
(5550, 'B.9', 9, '2022', 2658),
(5551, 'B2.1', 9, '2022', 0),
(5552, 'B2.10', 9, '2022', 30),
(5553, 'B2.12A', 9, '2022', 274),
(5554, 'B2.16', 9, '2022', 0),
(5555, 'B2.2', 9, '2022', 4221),
(5556, 'B2.3', 9, '2022', 1840),
(5557, 'B2.4', 9, '2022', 1359),
(5558, 'B2.5', 9, '2022', 866),
(5559, 'B2.6', 9, '2022', 2630),
(5560, 'B2.7', 9, '2022', 157),
(5561, 'B2.8', 9, '2022', 1),
(5562, 'B2.9', 9, '2022', 9),
(5563, 'BA.1', 9, '2022', 12011),
(5564, 'BA.10', 9, '2022', 5384),
(5565, 'BA.11', 9, '2022', 1737),
(5566, 'BA.12A', 9, '2022', 1),
(5567, 'BA.12B', 9, '2022', 3335),
(5568, 'BA.14', 9, '2022', 132),
(5569, 'BA.16', 9, '2022', 5654),
(5570, 'BA.17', 9, '2022', 2662),
(5571, 'BA.18', 9, '2022', 3773),
(5572, 'BA.19', 9, '2022', 1393),
(5573, 'BA.2', 9, '2022', 962),
(5574, 'BA.20', 9, '2022', 166),
(5575, 'BA.21', 9, '2022', 3568),
(5576, 'BA.22', 9, '2022', 4588),
(5577, 'BA.23', 9, '2022', 3658),
(5578, 'BA.24', 9, '2022', 773),
(5579, 'BA.25', 9, '2022', 366),
(5580, 'BA.26', 9, '2022', 60),
(5581, 'BA.27', 9, '2022', 97),
(5582, 'BA.28', 9, '2022', 2006),
(5583, 'BA.29', 9, '2022', 1699),
(5584, 'BA.30', 9, '2022', 1),
(5585, 'BA.31', 9, '2022', 729),
(5586, 'BA.32a.36a', 9, '2022', 1026),
(5587, 'BA.32b', 9, '2022', 3356),
(5588, 'BA.33A', 9, '2022', 825),
(5589, 'BA.33B', 9, '2022', 2962),
(5590, 'BA.34', 9, '2022', 3512),
(5591, 'BA.35', 9, '2022', 5029),
(5592, 'BA.36b', 9, '2022', 2830),
(5593, 'BA.37A', 9, '2022', 1980),
(5594, 'BA.37B', 9, '2022', 1498),
(5595, 'BA.38', 9, '2022', 3311),
(5596, 'BA.39', 9, '2022', 1001),
(5597, 'BA.3A', 9, '2022', 2847),
(5598, 'BA.3b', 9, '2022', 4055),
(5599, 'BA.40', 9, '2022', 562),
(5600, 'BA.41', 9, '2022', 3362),
(5601, 'BA.42', 9, '2022', 898),
(5602, 'BA.43', 9, '2022', 982),
(5603, 'BA.44', 9, '2022', 4825),
(5604, 'BA.45', 9, '2022', 107),
(5605, 'BA.46', 9, '2022', 4227),
(5606, 'BA.47', 9, '2022', 625),
(5607, 'BA.48', 9, '2022', 472),
(5608, 'BA.49', 9, '2022', 846),
(5609, 'BA.5', 9, '2022', 4635),
(5610, 'BA.50', 9, '2022', 1839),
(5611, 'BA.51', 9, '2022', 4363),
(5612, 'BA.52', 9, '2022', 1494),
(5613, 'BA.53', 9, '2022', 3624),
(5614, 'BA.54', 9, '2022', 204),
(5615, 'BA.55', 9, '2022', 3236),
(5616, 'BA.56', 9, '2022', 2355),
(5617, 'BA.57', 9, '2022', 3212),
(5618, 'BA.58', 9, '2022', 2399),
(5619, 'BA.59', 9, '2022', 521),
(5620, 'BA.6', 9, '2022', 1337),
(5621, 'BA.60', 9, '2022', 244),
(5622, 'BA.7', 9, '2022', 1818),
(5623, 'BA.8', 9, '2022', 6838),
(5624, 'BA.9', 9, '2022', 604),
(5625, 'C.1', 9, '2022', 70),
(5626, 'C.10', 9, '2022', 1),
(5627, 'C.11', 9, '2022', 2910),
(5628, 'C.12', 9, '2022', 157),
(5629, 'C.12AB', 9, '2022', 1352),
(5630, 'C.15', 9, '2022', 2608),
(5631, 'C.16', 9, '2022', 2484),
(5632, 'C.17', 9, '2022', 1638),
(5633, 'C.2', 9, '2022', 3319),
(5634, 'C.3', 9, '2022', 1980),
(5635, 'C.4', 9, '2022', 2792),
(5636, 'C.5', 9, '2022', 98),
(5637, 'C.6', 9, '2022', 3611),
(5638, 'C.7', 9, '2022', 3082),
(5639, 'C.7A', 9, '2022', 763),
(5640, 'C.7B', 9, '2022', 4412),
(5641, 'C.8', 9, '2022', 454),
(5642, 'C.9', 9, '2022', 1073),
(5643, 'D1.10.11', 9, '2022', 5728),
(5644, 'D1.12', 9, '2022', 3248),
(5645, 'D1.12A', 9, '2022', 4570),
(5646, 'D1.14', 9, '2022', 2197),
(5647, 'D1.15.16', 9, '2022', 235),
(5648, 'D1.17', 9, '2022', 8588),
(5649, 'D1.18', 9, '2022', 1536),
(5650, 'D1.19', 9, '2022', 4794),
(5651, 'D1.2', 9, '2022', 0),
(5652, 'D1.20', 9, '2022', 2111),
(5653, 'D1.3', 9, '2022', 1797),
(5654, 'D1.4', 9, '2022', 0),
(5655, 'D1.5', 9, '2022', 4347),
(5656, 'D1.6', 9, '2022', 1290),
(5657, 'D1.7', 9, '2022', 0),
(5658, 'D1.8', 9, '2022', 8378),
(5659, 'D1.9', 9, '2022', 3371),
(5660, 'D2 24 ', 9, '2022', 4709),
(5661, 'D2.1', 9, '2022', 8162),
(5662, 'D2.10', 9, '2022', 5637),
(5663, 'D2.11', 9, '2022', 795),
(5664, 'D2.12', 9, '2022', 2639),
(5665, 'D2.12A', 9, '2022', 1418),
(5666, 'D2.14', 9, '2022', 2312),
(5667, 'D2.15', 9, '2022', 1215),
(5668, 'D2.16', 9, '2022', 0),
(5669, 'D2.17', 9, '2022', 2101),
(5670, 'D2.18', 9, '2022', 1770),
(5671, 'D2.19', 9, '2022', 178),
(5672, 'D2.2', 9, '2022', 5715),
(5673, 'D2.20', 9, '2022', 3529),
(5674, 'D2.21.22', 9, '2022', 686),
(5675, 'D2.23', 9, '2022', 0),
(5676, 'D2.27', 9, '2022', 3329),
(5677, 'D2.28', 9, '2022', 1980),
(5678, 'D2.29', 9, '2022', 1676),
(5679, 'D2.30', 9, '2022', 547),
(5680, 'D2.31', 9, '2022', 54),
(5681, 'D2.32', 9, '2022', 3842),
(5682, 'D2.3A', 9, '2022', 5118),
(5683, 'D2.3B', 9, '2022', 19),
(5684, 'D2.5', 9, '2022', 7872),
(5685, 'D2.6', 9, '2022', 2161),
(5686, 'D2.9', 9, '2022', 8764),
(5687, 'D3.1', 9, '2022', 8823),
(5688, 'D3.10', 9, '2022', 775),
(5689, 'D3.11', 9, '2022', 312),
(5690, 'D3.12A', 9, '2022', 1212),
(5691, 'D3.12B', 9, '2022', 2621),
(5692, 'D3.14', 9, '2022', 2426),
(5693, 'D3.15', 9, '2022', 2084),
(5694, 'D3.16', 9, '2022', 1923),
(5695, 'D3.17', 9, '2022', 2786),
(5696, 'D3.18', 9, '2022', 6073),
(5697, 'D3.19', 9, '2022', 5499),
(5698, 'D3.2', 9, '2022', 903),
(5699, 'D3.20', 9, '2022', 3822),
(5700, 'D3.21', 9, '2022', 0),
(5701, 'D3.22', 9, '2022', 3887),
(5702, 'D3.23', 9, '2022', 804),
(5703, 'D3.24', 9, '2022', 1464),
(5704, 'D3.25', 9, '2022', 1502),
(5705, 'D3.26', 9, '2022', 1484),
(5706, 'D3.27', 9, '2022', 3012),
(5707, 'D3.28.29', 9, '2022', 59),
(5708, 'D3.30', 9, '2022', 1079),
(5709, 'D3.31', 9, '2022', 4114),
(5710, 'D3.3A', 9, '2022', 1250),
(5711, 'D3.5', 9, '2022', 3250),
(5712, 'D3.6', 9, '2022', 1599),
(5713, 'D3.7', 9, '2022', 717),
(5714, 'D3.8', 9, '2022', 1299),
(5715, 'D3.9', 9, '2022', 1642),
(5716, 'D4.11', 9, '2022', 200),
(5717, 'D4.12', 9, '2022', 396),
(5718, 'D4.13', 9, '2022', 0),
(5719, 'D4.15', 9, '2022', 1618),
(5720, 'D4.16', 9, '2022', 1444),
(5721, 'D4.17', 9, '2022', 695),
(5722, 'D4.18', 9, '2022', 1729),
(5723, 'D4.19', 9, '2022', 3898),
(5724, 'D4.2', 9, '2022', 1101),
(5725, 'D4.20', 9, '2022', 3898),
(5726, 'D4.21', 9, '2022', 1812),
(5727, 'D4.22', 9, '2022', 1725),
(5728, 'D4.23', 9, '2022', 730),
(5729, 'D4.24', 9, '2022', 1322),
(5730, 'D4.25', 9, '2022', 1159),
(5731, 'D4.26', 9, '2022', 1),
(5732, 'D4.27', 9, '2022', 1455),
(5733, 'D4.28', 9, '2022', 1623),
(5734, 'D4.29', 9, '2022', 2892),
(5735, 'D4.3', 9, '2022', 2307),
(5736, 'D4.30', 9, '2022', 2549),
(5737, 'D4.31', 9, '2022', 937),
(5738, 'D4.4', 9, '2022', 1341),
(5739, 'D4.5', 9, '2022', 687),
(5740, 'D4.6', 9, '2022', 1607),
(5741, 'D4.9', 9, '2022', 653),
(5742, 'E.1', 9, '2022', 2367),
(5743, 'E.10', 9, '2022', 108),
(5744, 'E.11', 9, '2022', 1980),
(5745, 'E.12A', 9, '2022', 2773),
(5746, 'E.12B', 9, '2022', 1),
(5747, 'E.14', 9, '2022', 1),
(5748, 'E.16', 9, '2022', 4131),
(5749, 'E.17', 9, '2022', 4883),
(5750, 'E.18', 9, '2022', 2194),
(5751, 'E.19', 9, '2022', 3133),
(5752, 'E.2', 9, '2022', 2700),
(5753, 'E.21', 9, '2022', 305),
(5754, 'E.22', 9, '2022', 4572),
(5755, 'E.23', 9, '2022', 3375),
(5756, 'E.24', 9, '2022', 836),
(5757, 'E.25', 9, '2022', 4087),
(5758, 'E.26', 9, '2022', 1814),
(5759, 'E.3A', 9, '2022', 1042),
(5760, 'E.3B', 9, '2022', 606),
(5761, 'E.5A', 9, '2022', 1026),
(5762, 'E.5B', 9, '2022', 3061),
(5763, 'E.6', 9, '2022', 1633),
(5764, 'E.7A', 9, '2022', 1213),
(5765, 'E.7B', 9, '2022', 9147),
(5766, 'E.8', 9, '2022', 2983),
(5767, 'E.9A', 9, '2022', 3671),
(5768, 'E.9B', 9, '2022', 679),
(5769, 'E.9C', 9, '2022', 0),
(5770, 'F.10', 9, '2022', 3118),
(5771, 'F.11', 9, '2022', 2354),
(5772, 'F.12A', 9, '2022', 1160),
(5773, 'F.12B', 9, '2022', 182),
(5774, 'F.14', 9, '2022', 674),
(5775, 'F.15', 9, '2022', 247),
(5776, 'F.2', 9, '2022', 1116),
(5777, 'F.3A', 9, '2022', 1688),
(5778, 'F.3B', 9, '2022', 1953),
(5779, 'F.5', 9, '2022', 462),
(5780, 'F.6', 9, '2022', 1311),
(5781, 'F.7', 9, '2022', 2297),
(5782, 'F.8', 9, '2022', 1077),
(5783, 'F.9', 9, '2022', 2787),
(5784, 'G.1', 9, '2022', 1),
(5785, 'G.2', 9, '2022', 1489),
(5786, 'G.3', 9, '2022', 268),
(5792, 'A.1', 2, '2021', 4097),
(5793, 'A.1', 3, '2021', 4097),
(5794, 'A.1', 4, '2021', 4097),
(5795, 'A.1', 5, '2021', 4097),
(8869, 'A.1', 1, '2021', 4097),
(8879, 'A.1', 1, '2022', 4211),
(11260, 'A.1', 1, '2023', 4211),
(11261, 'A.10.11', 1, '2023', 4064),
(11262, 'A.12.13', 1, '2023', 5238),
(11263, 'A.14.15', 1, '2023', 1425),
(11264, 'A.16', 1, '2023', 6),
(11265, 'A.17', 1, '2023', 1380),
(11266, 'A.18', 1, '2023', 1989),
(11267, 'A.19', 1, '2023', 3821),
(11268, 'A.2', 1, '2023', 845),
(11269, 'A.20', 1, '2023', 3208),
(11270, 'A.21', 1, '2023', 658),
(11271, 'A.23', 1, '2023', 205),
(11272, 'A.24', 1, '2023', 1),
(11273, 'A.3', 1, '2023', 2628),
(11274, 'A.4.5', 1, '2023', 3909),
(11275, 'A.8.9', 1, '2023', 282),
(11276, 'B.1', 1, '2023', 1276),
(11277, 'B.10', 1, '2023', 1642),
(11278, 'B.11', 1, '2023', 2869),
(11279, 'B.12', 1, '2023', 3331),
(11280, 'B.2', 1, '2023', 3925),
(11281, 'B.3', 1, '2023', 200),
(11282, 'B.4', 1, '2023', 1788),
(11283, 'B.5', 1, '2023', 2203),
(11284, 'B.6', 1, '2023', 1038),
(11285, 'B.8', 1, '2023', 2160),
(11286, 'B.9', 1, '2023', 2485),
(11287, 'B2.1', 1, '2023', 2230),
(11288, 'B2.10', 1, '2023', 30),
(11289, 'B2.12A', 1, '2023', 272),
(11290, 'B2.16', 1, '2023', 3869),
(11291, 'B2.2', 1, '2023', 4061),
(11292, 'B2.3', 1, '2023', 1728),
(11293, 'B2.4', 1, '2023', 1231),
(11294, 'B2.5', 1, '2023', 862),
(11295, 'B2.6', 1, '2023', 2516),
(11296, 'B2.7', 1, '2023', 157),
(11297, 'B2.8', 1, '2023', 1),
(11298, 'B2.9', 1, '2023', 2363),
(11299, 'BA.1', 1, '2023', 11519),
(11300, 'BA.10', 1, '2023', 4582),
(11301, 'BA.11', 1, '2023', 1708),
(11302, 'BA.12A', 1, '2023', 1),
(11303, 'BA.12B', 1, '2023', 3263),
(11304, 'BA.14', 1, '2023', 1897),
(11305, 'BA.16', 1, '2023', 5406),
(11306, 'BA.17', 1, '2023', 2621),
(11307, 'BA.18', 1, '2023', 3545),
(11308, 'BA.19', 1, '2023', 1291),
(11309, 'BA.2', 1, '2023', 918),
(11310, 'BA.20', 1, '2023', 62),
(11311, 'BA.21', 1, '2023', 3269),
(11312, 'BA.22', 1, '2023', 4208),
(11313, 'BA.23', 1, '2023', 3127),
(11314, 'BA.24', 1, '2023', 775),
(11315, 'BA.25', 1, '2023', 164),
(11316, 'BA.26', 1, '2023', 27),
(11317, 'BA.27', 1, '2023', 10),
(11318, 'BA.28', 1, '2023', 1880),
(11319, 'BA.29', 1, '2023', 1571),
(11320, 'BA.30', 1, '2023', 1),
(11321, 'BA.31', 1, '2023', 710),
(11322, 'BA.32a.36a', 1, '2023', 743),
(11323, 'BA.32b', 1, '2023', 3083),
(11324, 'BA.33A', 1, '2023', 823),
(11325, 'BA.33B', 1, '2023', 2862),
(11326, 'BA.34', 1, '2023', 3458),
(11327, 'BA.35', 1, '2023', 4171),
(11328, 'BA.36b', 1, '2023', 2663),
(11329, 'BA.37A', 1, '2023', 1852),
(11330, 'BA.37B', 1, '2023', 1387),
(11331, 'BA.38', 1, '2023', 3122),
(11332, 'BA.39', 1, '2023', 550),
(11333, 'BA.3A', 1, '2023', 2721),
(11334, 'BA.3b', 1, '2023', 4019),
(11335, 'BA.40', 1, '2023', 546),
(11336, 'BA.41', 1, '2023', 3208),
(11337, 'BA.42', 1, '2023', 898),
(11338, 'BA.43', 1, '2023', 582),
(11339, 'BA.44', 1, '2023', 4562),
(11340, 'BA.45', 1, '2023', 11),
(11341, 'BA.46', 1, '2023', 4421),
(11342, 'BA.47', 1, '2023', 590),
(11343, 'BA.48', 1, '2023', 472),
(11344, 'BA.49', 1, '2023', 718),
(11345, 'BA.5', 1, '2023', 4411),
(11346, 'BA.50', 1, '2023', 1748),
(11347, 'BA.51', 1, '2023', 4152),
(11348, 'BA.52', 1, '2023', 1480),
(11349, 'BA.53', 1, '2023', 3403),
(11350, 'BA.54', 1, '2023', 12),
(11351, 'BA.55', 1, '2023', 3235),
(11352, 'BA.56', 1, '2023', 2202),
(11353, 'BA.57', 1, '2023', 3139),
(11354, 'BA.58', 1, '2023', 2267),
(11355, 'BA.59', 1, '2023', 521),
(11356, 'BA.6', 1, '2023', 1243),
(11357, 'BA.60', 1, '2023', 116),
(11358, 'BA.7', 1, '2023', 1626),
(11359, 'BA.8', 1, '2023', 6504),
(11360, 'BA.9', 1, '2023', 538),
(11361, 'C.1', 1, '2023', 2758),
(11362, 'C.10', 1, '2023', 1),
(11363, 'C.11', 1, '2023', 2869),
(11364, 'C.12', 1, '2023', 68),
(11365, 'C.12AB', 1, '2023', 1314),
(11366, 'C.15', 1, '2023', 2773),
(11367, 'C.16', 1, '2023', 2265),
(11368, 'C.17', 1, '2023', 1228),
(11369, 'C.2', 1, '2023', 3027),
(11370, 'C.3', 1, '2023', 1980),
(11371, 'C.4', 1, '2023', 2550),
(11372, 'C.5', 1, '2023', 4583),
(11373, 'C.6', 1, '2023', 3383),
(11374, 'C.7', 1, '2023', 2891),
(11375, 'C.7A', 1, '2023', 750),
(11376, 'C.7B', 1, '2023', 3736),
(11377, 'C.8', 1, '2023', 454),
(11378, 'C.9', 1, '2023', 1073),
(11379, 'D1.10.11', 1, '2023', 5542),
(11380, 'D1.12', 1, '2023', 3090),
(11381, 'D1.12A', 1, '2023', 4311),
(11382, 'D1.14', 1, '2023', 2092),
(11383, 'D1.15.16', 1, '2023', 60),
(11384, 'D1.17', 1, '2023', 8543),
(11385, 'D1.18', 1, '2023', 1361),
(11386, 'D1.19', 1, '2023', 4541),
(11387, 'D1.2', 1, '2023', 841),
(11388, 'D1.20', 1, '2023', 1940),
(11389, 'D1.3', 1, '2023', 1882),
(11390, 'D1.4', 1, '2023', 0),
(11391, 'D1.5', 1, '2023', 4142),
(11392, 'D1.6', 1, '2023', 1206),
(11393, 'D1.7', 1, '2023', 2798),
(11394, 'D1.8', 1, '2023', 8136),
(11395, 'D1.9', 1, '2023', 3141),
(11396, 'D2 24 ', 1, '2023', 4296),
(11397, 'D2.1', 1, '2023', 7502),
(11398, 'D2.10', 1, '2023', 5408),
(11399, 'D2.11', 1, '2023', 795),
(11400, 'D2.12', 1, '2023', 2484),
(11401, 'D2.12A', 1, '2023', 1304),
(11402, 'D2.14', 1, '2023', 2055),
(11403, 'D2.15', 1, '2023', 1129),
(11404, 'D2.16', 1, '2023', 2014),
(11405, 'D2.17', 1, '2023', 1799),
(11406, 'D2.18', 1, '2023', 1707),
(11407, 'D2.19', 1, '2023', 105),
(11408, 'D2.2', 1, '2023', 5634),
(11409, 'D2.20', 1, '2023', 3438),
(11410, 'D2.21.22', 1, '2023', 2005),
(11411, 'D2.23', 1, '2023', 3052),
(11412, 'D2.27', 1, '2023', 3211),
(11413, 'D2.28', 1, '2023', 1980),
(11414, 'D2.29', 1, '2023', 1654),
(11415, 'D2.30', 1, '2023', 479),
(11416, 'D2.31', 1, '2023', 1937),
(11417, 'D2.32', 1, '2023', 3718),
(11418, 'D2.3A', 1, '2023', 4792),
(11419, 'D2.3B', 1, '2023', 4313),
(11420, 'D2.5', 1, '2023', 6721),
(11421, 'D2.6', 1, '2023', 1852),
(11422, 'D2.9', 1, '2023', 7737),
(11423, 'D3.1', 1, '2023', 2668),
(11424, 'D3.10', 1, '2023', 690),
(11425, 'D3.11', 1, '2023', 210),
(11426, 'D3.12A', 1, '2023', 937),
(11427, 'D3.12B', 1, '2023', 2404),
(11428, 'D3.14', 1, '2023', 2197),
(11429, 'D3.15', 1, '2023', 1962),
(11430, 'D3.16', 1, '2023', 1699),
(11431, 'D3.17', 1, '2023', 2779),
(11432, 'D3.18', 1, '2023', 5675),
(11433, 'D3.19', 1, '2023', 5499),
(11434, 'D3.2', 1, '2023', 899),
(11435, 'D3.20', 1, '2023', 3517),
(11436, 'D3.21', 1, '2023', 2699),
(11437, 'D3.22', 1, '2023', 3791),
(11438, 'D3.23', 1, '2023', 804),
(11439, 'D3.24', 1, '2023', 1464),
(11440, 'D3.25', 1, '2023', 1385),
(11441, 'D3.26', 1, '2023', 1461),
(11442, 'D3.27', 1, '2023', 2834),
(11443, 'D3.28.29', 1, '2023', 59),
(11444, 'D3.30', 1, '2023', 1079),
(11445, 'D3.31', 1, '2023', 3915),
(11446, 'D3.3A', 1, '2023', 1164),
(11447, 'D3.5', 1, '2023', 2982),
(11448, 'D3.6', 1, '2023', 1599);
INSERT INTO `meteran` (`idmeteran`, `idrumah`, `bulan`, `tahun`, `angkameteran`) VALUES
(11449, 'D3.7', 1, '2023', 450),
(11450, 'D3.8', 1, '2023', 1224),
(11451, 'D3.9', 1, '2023', 1412),
(11452, 'D4.11', 1, '2023', 198),
(11453, 'D4.12', 1, '2023', 298),
(11454, 'D4.13', 1, '2023', 2103),
(11455, 'D4.15', 1, '2023', 1524),
(11456, 'D4.16', 1, '2023', 1309),
(11457, 'D4.17', 1, '2023', 649),
(11458, 'D4.18', 1, '2023', 1576),
(11459, 'D4.19', 1, '2023', 3718),
(11460, 'D4.2', 1, '2023', 918),
(11461, 'D4.20', 1, '2023', 3888),
(11462, 'D4.21', 1, '2023', 1723),
(11463, 'D4.22', 1, '2023', 1623),
(11464, 'D4.23', 1, '2023', 730),
(11465, 'D4.24', 1, '2023', 1228),
(11466, 'D4.25', 1, '2023', 1109),
(11467, 'D4.26', 1, '2023', 1),
(11468, 'D4.27', 1, '2023', 1327),
(11469, 'D4.28', 1, '2023', 1603),
(11470, 'D4.29', 1, '2023', 2834),
(11471, 'D4.3', 1, '2023', 2284),
(11472, 'D4.30', 1, '2023', 2242),
(11473, 'D4.31', 1, '2023', 920),
(11474, 'D4.4', 1, '2023', 1285),
(11475, 'D4.5', 1, '2023', 608),
(11476, 'D4.6', 1, '2023', 1502),
(11477, 'D4.9', 1, '2023', 653),
(11478, 'E.1', 1, '2023', 2281),
(11479, 'E.10', 1, '2023', 108),
(11480, 'E.11', 1, '2023', 1960),
(11481, 'E.12A', 1, '2023', 2707),
(11482, 'E.12B', 1, '2023', 1),
(11483, 'E.14', 1, '2023', 1),
(11484, 'E.16', 1, '2023', 3747),
(11485, 'E.17', 1, '2023', 4599),
(11486, 'E.18', 1, '2023', 2091),
(11487, 'E.19', 1, '2023', 2958),
(11488, 'E.2', 1, '2023', 2635),
(11489, 'E.21', 1, '2023', 305),
(11490, 'E.22', 1, '2023', 4371),
(11491, 'E.23', 1, '2023', 3375),
(11492, 'E.24', 1, '2023', 600),
(11493, 'E.25', 1, '2023', 3972),
(11494, 'E.26', 1, '2023', 1585),
(11495, 'E.3A', 1, '2023', 1042),
(11496, 'E.3B', 1, '2023', 606),
(11497, 'E.5A', 1, '2023', 889),
(11498, 'E.5B', 1, '2023', 2825),
(11499, 'E.6', 1, '2023', 1164),
(11500, 'E.7A', 1, '2023', 1108),
(11501, 'E.7B', 1, '2023', 8880),
(11502, 'E.8', 1, '2023', 2713),
(11503, 'E.9A', 1, '2023', 3429),
(11504, 'E.9B', 1, '2023', 606),
(11505, 'E.9C', 1, '2023', 0),
(11506, 'F.10', 1, '2023', 2951),
(11507, 'F.11', 1, '2023', 2176),
(11508, 'F.12A', 1, '2023', 1064),
(11509, 'F.12B', 1, '2023', 101),
(11510, 'F.14', 1, '2023', 671),
(11511, 'F.15', 1, '2023', 247),
(11512, 'F.2', 1, '2023', 984),
(11513, 'F.3A', 1, '2023', 1639),
(11514, 'F.3B', 1, '2023', 1728),
(11515, 'F.5', 1, '2023', 226),
(11516, 'F.6', 1, '2023', 1106),
(11517, 'F.7', 1, '2023', 2204),
(11518, 'F.8', 1, '2023', 964),
(11519, 'F.9', 1, '2023', 2757),
(11520, 'G.1', 1, '2023', 1),
(11521, 'G.2', 1, '2023', 1399),
(11522, 'G.3', 1, '2023', 88),
(11523, 'A.1', 2, '2023', 4232),
(11524, 'A.10.11', 2, '2023', 4112),
(11525, 'A.12.13', 2, '2023', 5278),
(11526, 'A.14.15', 2, '2023', 1455),
(11527, 'A.16', 2, '2023', 13),
(11528, 'A.17', 2, '2023', 1419),
(11529, 'A.18', 2, '2023', 1980),
(11530, 'A.19', 2, '2023', 14),
(11531, 'A.2', 2, '2023', 845),
(11532, 'A.20', 2, '2023', 3213),
(11533, 'A.21', 2, '2023', 691),
(11534, 'A.23', 2, '2023', 235),
(11535, 'A.24', 2, '2023', 4),
(11536, 'A.3', 2, '2023', 2628),
(11537, 'A.4.5', 2, '2023', 3919),
(11538, 'A.8.9', 2, '2023', 298),
(11539, 'B.1', 2, '2023', 1276),
(11540, 'B.10', 2, '2023', 1671),
(11541, 'B.11', 2, '2023', 2869),
(11542, 'B.12', 2, '2023', 3331),
(11543, 'B.2', 2, '2023', 3925),
(11544, 'B.3', 2, '2023', 239),
(11545, 'B.4', 2, '2023', 1831),
(11546, 'B.5', 2, '2023', 2211),
(11547, 'B.6', 2, '2023', 1073),
(11548, 'B.8', 2, '2023', 2160),
(11549, 'B.9', 2, '2023', 2497),
(11550, 'B2.1', 2, '2023', 2248),
(11551, 'B2.10', 2, '2023', 30),
(11552, 'B2.12A', 2, '2023', 272),
(11553, 'B2.16', 2, '2023', 3880),
(11554, 'B2.2', 2, '2023', 4080),
(11555, 'B2.3', 2, '2023', 1767),
(11556, 'B2.4', 2, '2023', 1287),
(11557, 'B2.5', 2, '2023', 863),
(11558, 'B2.6', 2, '2023', 2534),
(11559, 'B2.7', 2, '2023', 157),
(11560, 'B2.8', 2, '2023', 1),
(11561, 'B2.9', 2, '2023', 2380),
(11562, 'BA.1', 2, '2023', 11542),
(11563, 'BA.10', 2, '2023', 4624),
(11564, 'BA.11', 2, '2023', 1709),
(11565, 'BA.12A', 2, '2023', 1),
(11566, 'BA.12B', 2, '2023', 3268),
(11567, 'BA.14', 2, '2023', 14),
(11568, 'BA.16', 2, '2023', 5427),
(11569, 'BA.17', 2, '2023', 2625),
(11570, 'BA.18', 2, '2023', 3579),
(11571, 'BA.19', 2, '2023', 1308),
(11572, 'BA.2', 2, '2023', 924),
(11573, 'BA.20', 2, '2023', 75),
(11574, 'BA.21', 2, '2023', 3309),
(11575, 'BA.22', 2, '2023', 4248),
(11576, 'BA.23', 2, '2023', 3183),
(11577, 'BA.24', 2, '2023', 772),
(11578, 'BA.25', 2, '2023', 192),
(11579, 'BA.26', 2, '2023', 37),
(11580, 'BA.27', 2, '2023', 27),
(11581, 'BA.28', 2, '2023', 1880),
(11582, 'BA.29', 2, '2023', 1585),
(11583, 'BA.30', 2, '2023', 1),
(11584, 'BA.31', 2, '2023', 714),
(11585, 'BA.32a.36a', 2, '2023', 763),
(11586, 'BA.32b', 2, '2023', 3102),
(11587, 'BA.33A', 2, '2023', 825),
(11588, 'BA.33B', 2, '2023', 2879),
(11589, 'BA.34', 2, '2023', 3456),
(11590, 'BA.35', 2, '2023', 4229),
(11591, 'BA.36b', 2, '2023', 2676),
(11592, 'BA.37A', 2, '2023', 1866),
(11593, 'BA.37B', 2, '2023', 1358),
(11594, 'BA.38', 2, '2023', 3162),
(11595, 'BA.39', 2, '2023', 571),
(11596, 'BA.3A', 2, '2023', 2736),
(11597, 'BA.3b', 2, '2023', 4030),
(11598, 'BA.40', 2, '2023', 546),
(11599, 'BA.41', 2, '2023', 3208),
(11600, 'BA.42', 2, '2023', 898),
(11601, 'BA.43', 2, '2023', 632),
(11602, 'BA.44', 2, '2023', 4598),
(11603, 'BA.45', 2, '2023', 11),
(11604, 'BA.46', 2, '2023', 4221),
(11605, 'BA.47', 2, '2023', 592),
(11606, 'BA.48', 2, '2023', 472),
(11607, 'BA.49', 2, '2023', 721),
(11608, 'BA.5', 2, '2023', 4448),
(11609, 'BA.50', 2, '2023', 1748),
(11610, 'BA.51', 2, '2023', 4186),
(11611, 'BA.52', 2, '2023', 1480),
(11612, 'BA.53', 2, '2023', 3431),
(11613, 'BA.54', 2, '2023', 39),
(11614, 'BA.55', 2, '2023', 3235),
(11615, 'BA.56', 2, '2023', 2222),
(11616, 'BA.57', 2, '2023', 3139),
(11617, 'BA.58', 2, '2023', 2286),
(11618, 'BA.59', 2, '2023', 521),
(11619, 'BA.6', 2, '2023', 1256),
(11620, 'BA.60', 2, '2023', 135),
(11621, 'BA.7', 2, '2023', 1647),
(11622, 'BA.8', 2, '2023', 6540),
(11623, 'BA.9', 2, '2023', 544),
(11624, 'C.1', 2, '2023', 2787),
(11625, 'C.10', 2, '2023', 1),
(11626, 'C.11', 2, '2023', 2869),
(11627, 'C.12', 2, '2023', 81),
(11628, 'C.12AB', 2, '2023', 1320),
(11629, 'C.15', 2, '2023', 2773),
(11630, 'C.16', 2, '2023', 2301),
(11631, 'C.17', 2, '2023', 1489),
(11632, 'C.2', 2, '2023', 3070),
(11633, 'C.3', 2, '2023', 1980),
(11634, 'C.4', 2, '2023', 2573),
(11635, 'C.5', 2, '2023', 2),
(11636, 'C.6', 2, '2023', 3413),
(11637, 'C.7', 2, '2023', 2927),
(11638, 'C.7A', 2, '2023', 750),
(11639, 'C.7B', 2, '2023', 3822),
(11640, 'C.8', 2, '2023', 454),
(11641, 'C.9', 2, '2023', 1073),
(11642, 'D1.10.11', 2, '2023', 5570),
(11643, 'D1.12', 2, '2023', 3113),
(11644, 'D1.12A', 2, '2023', 4356),
(11645, 'D1.14', 2, '2023', 2112),
(11646, 'D1.15.16', 2, '2023', 85),
(11647, 'D1.17', 2, '2023', 8543),
(11648, 'D1.18', 2, '2023', 1394),
(11649, 'D1.19', 2, '2023', 4569),
(11650, 'D1.2', 2, '2023', 841),
(11651, 'D1.20', 2, '2023', 1961),
(11652, 'D1.3', 2, '2023', 1712),
(11653, 'D1.4', 2, '2023', 0),
(11654, 'D1.5', 2, '2023', 4171),
(11655, 'D1.6', 2, '2023', 1223),
(11656, 'D1.7', 2, '2023', 2810),
(11657, 'D1.8', 2, '2023', 8167),
(11658, 'D1.9', 2, '2023', 3178),
(11659, 'D2 24 ', 2, '2023', 4342),
(11660, 'D2.1', 2, '2023', 7558),
(11661, 'D2.10', 2, '2023', 5436),
(11662, 'D2.11', 2, '2023', 795),
(11663, 'D2.12', 2, '2023', 2501),
(11664, 'D2.12A', 2, '2023', 1317),
(11665, 'D2.14', 2, '2023', 2082),
(11666, 'D2.15', 2, '2023', 1134),
(11667, 'D2.16', 2, '2023', 2164),
(11668, 'D2.17', 2, '2023', 1836),
(11669, 'D2.18', 2, '2023', 1707),
(11670, 'D2.19', 2, '2023', 117),
(11671, 'D2.2', 2, '2023', 5646),
(11672, 'D2.20', 2, '2023', 3455),
(11673, 'D2.21.22', 2, '2023', 99),
(11674, 'D2.23', 2, '2023', 3052),
(11675, 'D2.27', 2, '2023', 3238),
(11676, 'D2.28', 2, '2023', 1980),
(11677, 'D2.29', 2, '2023', 1654),
(11678, 'D2.30', 2, '2023', 491),
(11679, 'D2.31', 2, '2023', 1939),
(11680, 'D2.32', 2, '2023', 3730),
(11681, 'D2.3A', 2, '2023', 4831),
(11682, 'D2.3B', 2, '2023', 4354),
(11683, 'D2.5', 2, '2023', 6730),
(11684, 'D2.6', 2, '2023', 1887),
(11685, 'D2.9', 2, '2023', 7747),
(11686, 'D3.1', 2, '2023', 2719),
(11687, 'D3.10', 2, '2023', 690),
(11688, 'D3.11', 2, '2023', 220),
(11689, 'D3.12A', 2, '2023', 988),
(11690, 'D3.12B', 2, '2023', 2425),
(11691, 'D3.14', 2, '2023', 2225),
(11692, 'D3.15', 2, '2023', 1978),
(11693, 'D3.16', 2, '2023', 1721),
(11694, 'D3.17', 2, '2023', 2779),
(11695, 'D3.18', 2, '2023', 5728),
(11696, 'D3.19', 2, '2023', 5499),
(11697, 'D3.2', 2, '2023', 899),
(11698, 'D3.20', 2, '2023', 3566),
(11699, 'D3.21', 2, '2023', 2709),
(11700, 'D3.22', 2, '2023', 3805),
(11701, 'D3.23', 2, '2023', 804),
(11702, 'D3.24', 2, '2023', 1454),
(11703, 'D3.25', 2, '2023', 1401),
(11704, 'D3.26', 2, '2023', 1461),
(11705, 'D3.27', 2, '2023', 2862),
(11706, 'D3.28.29', 2, '2023', 59),
(11707, 'D3.30', 2, '2023', 1079),
(11708, 'D3.31', 2, '2023', 3939),
(11709, 'D3.3A', 2, '2023', 1168),
(11710, 'D3.5', 2, '2023', 3025),
(11711, 'D3.6', 2, '2023', 1599),
(11712, 'D3.7', 2, '2023', 510),
(11713, 'D3.8', 2, '2023', 1224),
(11714, 'D3.9', 2, '2023', 1448),
(11715, 'D4.11', 2, '2023', 198),
(11716, 'D4.12', 2, '2023', 302),
(11717, 'D4.13', 2, '2023', 2107),
(11718, 'D4.15', 2, '2023', 1537),
(11719, 'D4.16', 2, '2023', 1330),
(11720, 'D4.17', 2, '2023', 656),
(11721, 'D4.18', 2, '2023', 1602),
(11722, 'D4.19', 2, '2023', 3741),
(11723, 'D4.2', 2, '2023', 941),
(11724, 'D4.20', 2, '2023', 3888),
(11725, 'D4.21', 2, '2023', 1733),
(11726, 'D4.22', 2, '2023', 1638),
(11727, 'D4.23', 2, '2023', 730),
(11728, 'D4.24', 2, '2023', 1228),
(11729, 'D4.25', 2, '2023', 1115),
(11730, 'D4.26', 2, '2023', 1),
(11731, 'D4.27', 2, '2023', 1343),
(11732, 'D4.28', 2, '2023', 1603),
(11733, 'D4.29', 2, '2023', 2841),
(11734, 'D4.3', 2, '2023', 2284),
(11735, 'D4.30', 2, '2023', 2310),
(11736, 'D4.31', 2, '2023', 920),
(11737, 'D4.4', 2, '2023', 1292),
(11738, 'D4.5', 2, '2023', 623),
(11739, 'D4.6', 2, '2023', 1502),
(11740, 'D4.9', 2, '2023', 653),
(11741, 'E.1', 2, '2023', 2294),
(11742, 'E.10', 2, '2023', 108),
(11743, 'E.11', 2, '2023', 1968),
(11744, 'E.12A', 2, '2023', 2707),
(11745, 'E.12B', 2, '2023', 1),
(11746, 'E.14', 2, '2023', 1),
(11747, 'E.16', 2, '2023', 3815),
(11748, 'E.17', 2, '2023', 4642),
(11749, 'E.18', 2, '2023', 2100),
(11750, 'E.19', 2, '2023', 2975),
(11751, 'E.2', 2, '2023', 2635),
(11752, 'E.21', 2, '2023', 305),
(11753, 'E.22', 2, '2023', 4431),
(11754, 'E.23', 2, '2023', 3375),
(11755, 'E.24', 2, '2023', 627),
(11756, 'E.25', 2, '2023', 3998),
(11757, 'E.26', 2, '2023', 1625),
(11758, 'E.3A', 2, '2023', 1042),
(11759, 'E.3B', 2, '2023', 606),
(11760, 'E.5A', 2, '2023', 911),
(11761, 'E.5B', 2, '2023', 2857),
(11762, 'E.6', 2, '2023', 1209),
(11763, 'E.7A', 2, '2023', 1121),
(11764, 'E.7B', 2, '2023', 8964),
(11765, 'E.8', 2, '2023', 2743),
(11766, 'E.9A', 2, '2023', 3460),
(11767, 'E.9B', 2, '2023', 621),
(11768, 'E.9C', 2, '2023', 0),
(11769, 'F.10', 2, '2023', 2970),
(11770, 'F.11', 2, '2023', 2202),
(11771, 'F.12A', 2, '2023', 1075),
(11772, 'F.12B', 2, '2023', 112),
(11773, 'F.14', 2, '2023', 671),
(11774, 'F.15', 2, '2023', 247),
(11775, 'F.2', 2, '2023', 990),
(11776, 'F.3A', 2, '2023', 1639),
(11777, 'F.3B', 2, '2023', 1728),
(11778, 'F.5', 2, '2023', 257),
(11779, 'F.6', 2, '2023', 1135),
(11780, 'F.7', 2, '2023', 2215),
(11781, 'F.8', 2, '2023', 979),
(11782, 'F.9', 2, '2023', 2770),
(11783, 'G.1', 2, '2023', 1),
(11784, 'G.2', 2, '2023', 1401),
(11785, 'G.3', 2, '2023', 118),
(11786, 'A.1', 3, '2023', 4241),
(11787, 'A.10.11', 3, '2023', 4147),
(11788, 'A.12.13', 3, '2023', 5308),
(11789, 'A.14.15', 3, '2023', 1483),
(11790, 'A.16', 3, '2023', 19),
(11791, 'A.17', 3, '2023', 1479),
(11792, 'A.18', 3, '2023', 2001),
(11793, 'A.19', 3, '2023', 39),
(11794, 'A.2', 3, '2023', 845),
(11795, 'A.20', 3, '2023', 3219),
(11796, 'A.21', 3, '2023', 723),
(11797, 'A.23', 3, '2023', 297),
(11798, 'A.24', 3, '2023', 9),
(11799, 'A.3', 3, '2023', 2628),
(11800, 'A.4.5', 3, '2023', 3928),
(11801, 'A.8.9', 3, '2023', 319),
(11802, 'B.1', 3, '2023', 1276),
(11803, 'B.10', 3, '2023', 1699),
(11804, 'B.11', 3, '2023', 2869),
(11805, 'B.12', 3, '2023', 3331),
(11806, 'B.2', 3, '2023', 3925),
(11807, 'B.3', 3, '2023', 250),
(11808, 'B.4', 3, '2023', 1880),
(11809, 'B.5', 3, '2023', 2218),
(11810, 'B.6', 3, '2023', 1093),
(11811, 'B.8', 3, '2023', 2160),
(11812, 'B.9', 3, '2023', 2511),
(11813, 'B2.1', 3, '2023', 2267),
(11814, 'B2.10', 3, '2023', 30),
(11815, 'B2.12A', 3, '2023', 272),
(11816, 'B2.16', 3, '2023', 3888),
(11817, 'B2.2', 3, '2023', 4136),
(11818, 'B2.3', 3, '2023', 1768),
(11819, 'B2.4', 3, '2023', 1278),
(11820, 'B2.5', 3, '2023', 863),
(11821, 'B2.6', 3, '2023', 2550),
(11822, 'B2.7', 3, '2023', 157),
(11823, 'B2.8', 3, '2023', 1),
(11824, 'B2.9', 3, '2023', 2392),
(11825, 'BA.1', 3, '2023', 11624),
(11826, 'BA.10', 3, '2023', 4641),
(11827, 'BA.11', 3, '2023', 1712),
(11828, 'BA.12A', 3, '2023', 1),
(11829, 'BA.12B', 3, '2023', 3279),
(11830, 'BA.14', 3, '2023', 30),
(11831, 'BA.16', 3, '2023', 5447),
(11832, 'BA.17', 3, '2023', 2628),
(11833, 'BA.18', 3, '2023', 3603),
(11834, 'BA.19', 3, '2023', 1327),
(11835, 'BA.2', 3, '2023', 928),
(11836, 'BA.20', 3, '2023', 87),
(11837, 'BA.21', 3, '2023', 3343),
(11838, 'BA.22', 3, '2023', 4297),
(11839, 'BA.23', 3, '2023', 3229),
(11840, 'BA.24', 3, '2023', 772),
(11841, 'BA.25', 3, '2023', 217),
(11842, 'BA.26', 3, '2023', 39),
(11843, 'BA.27', 3, '2023', 39),
(11844, 'BA.28', 3, '2023', 1880),
(11845, 'BA.29', 3, '2023', 1594),
(11846, 'BA.30', 3, '2023', 1),
(11847, 'BA.31', 3, '2023', 724),
(11848, 'BA.32a.36a', 3, '2023', 784),
(11849, 'BA.32b', 3, '2023', 3169),
(11850, 'BA.33A', 3, '2023', 825),
(11851, 'BA.33B', 3, '2023', 2899),
(11852, 'BA.34', 3, '2023', 3456),
(11853, 'BA.35', 3, '2023', 4266),
(11854, 'BA.36b', 3, '2023', 2691),
(11855, 'BA.37A', 3, '2023', 1882),
(11856, 'BA.37B', 3, '2023', 1368),
(11857, 'BA.38', 3, '2023', 3192),
(11858, 'BA.39', 3, '2023', 622),
(11859, 'BA.3A', 3, '2023', 2747),
(11860, 'BA.3b', 3, '2023', 4034),
(11861, 'BA.40', 3, '2023', 546),
(11862, 'BA.41', 3, '2023', 3208),
(11863, 'BA.42', 3, '2023', 898),
(11864, 'BA.43', 3, '2023', 682),
(11865, 'BA.44', 3, '2023', 4632),
(11866, 'BA.45', 3, '2023', 11),
(11867, 'BA.46', 3, '2023', 4221),
(11868, 'BA.47', 3, '2023', 593),
(11869, 'BA.48', 3, '2023', 472),
(11870, 'BA.49', 3, '2023', 757),
(11871, 'BA.5', 3, '2023', 4477),
(11872, 'BA.50', 3, '2023', 1748),
(11873, 'BA.51', 3, '2023', 4213),
(11874, 'BA.52', 3, '2023', 1480),
(11875, 'BA.53', 3, '2023', 3454),
(11876, 'BA.54', 3, '2023', 58),
(11877, 'BA.55', 3, '2023', 3235),
(11878, 'BA.56', 3, '2023', 2239),
(11879, 'BA.57', 3, '2023', 3139),
(11880, 'BA.58', 3, '2023', 2296),
(11881, 'BA.59', 3, '2023', 521),
(11882, 'BA.6', 3, '2023', 1272),
(11883, 'BA.60', 3, '2023', 154),
(11884, 'BA.7', 3, '2023', 1664),
(11885, 'BA.8', 3, '2023', 6579),
(11886, 'BA.9', 3, '2023', 550),
(11887, 'C.1', 3, '2023', 7),
(11888, 'C.10', 3, '2023', 1),
(11889, 'C.11', 3, '2023', 2873),
(11890, 'C.12', 3, '2023', 94),
(11891, 'C.12AB', 3, '2023', 1326),
(11892, 'C.15', 3, '2023', 2773),
(11893, 'C.16', 3, '2023', 2337),
(11894, 'C.17', 3, '2023', 1578),
(11895, 'C.2', 3, '2023', 3108),
(11896, 'C.3', 3, '2023', 1980),
(11897, 'C.4', 3, '2023', 2629),
(11898, 'C.5', 3, '2023', 24),
(11899, 'C.6', 3, '2023', 3441),
(11900, 'C.7', 3, '2023', 2953),
(11901, 'C.7A', 3, '2023', 750),
(11902, 'C.7B', 3, '2023', 3923),
(11903, 'C.8', 3, '2023', 454),
(11904, 'C.9', 3, '2023', 1073),
(11905, 'D1.10.11', 3, '2023', 5595),
(11906, 'D1.12', 3, '2023', 3133),
(11907, 'D1.12A', 3, '2023', 4396),
(11908, 'D1.14', 3, '2023', 2122),
(11909, 'D1.15.16', 3, '2023', 109),
(11910, 'D1.17', 3, '2023', 8543),
(11911, 'D1.18', 3, '2023', 1422),
(11912, 'D1.19', 3, '2023', 4593),
(11913, 'D1.2', 3, '2023', 841),
(11914, 'D1.20', 3, '2023', 1973),
(11915, 'D1.3', 3, '2023', 1721),
(11916, 'D1.4', 3, '2023', 0),
(11917, 'D1.5', 3, '2023', 4194),
(11918, 'D1.6', 3, '2023', 1235),
(11919, 'D1.7', 3, '2023', 2832),
(11920, 'D1.8', 3, '2023', 8194),
(11921, 'D1.9', 3, '2023', 3212),
(11922, 'D2 24 ', 3, '2023', 4383),
(11923, 'D2.1', 3, '2023', 7615),
(11924, 'D2.10', 3, '2023', 5464),
(11925, 'D2.11', 3, '2023', 795),
(11926, 'D2.12', 3, '2023', 2527),
(11927, 'D2.12A', 3, '2023', 1329),
(11928, 'D2.14', 3, '2023', 2116),
(11929, 'D2.15', 3, '2023', 1144),
(11930, 'D2.16', 3, '2023', 2199),
(11931, 'D2.17', 3, '2023', 1876),
(11932, 'D2.18', 3, '2023', 1707),
(11933, 'D2.19', 3, '2023', 126),
(11934, 'D2.2', 3, '2023', 5655),
(11935, 'D2.20', 3, '2023', 3466),
(11936, 'D2.21.22', 3, '2023', 232),
(11937, 'D2.23', 3, '2023', 3053),
(11938, 'D2.27', 3, '2023', 3253),
(11939, 'D2.28', 3, '2023', 1980),
(11940, 'D2.29', 3, '2023', 1656),
(11941, 'D2.30', 3, '2023', 505),
(11942, 'D2.31', 3, '2023', 1943),
(11943, 'D2.32', 3, '2023', 3745),
(11944, 'D2.3A', 3, '2023', 4866),
(11945, 'D2.3B', 3, '2023', 4394),
(11946, 'D2.5', 3, '2023', 6854),
(11947, 'D2.6', 3, '2023', 1921),
(11948, 'D2.9', 3, '2023', 7757),
(11949, 'D3.1', 3, '2023', 2771),
(11950, 'D3.10', 3, '2023', 693),
(11951, 'D3.11', 3, '2023', 230),
(11952, 'D3.12A', 3, '2023', 1023),
(11953, 'D3.12B', 3, '2023', 2445),
(11954, 'D3.14', 3, '2023', 2253),
(11955, 'D3.15', 3, '2023', 1991),
(11956, 'D3.16', 3, '2023', 1752),
(11957, 'D3.17', 3, '2023', 2779),
(11958, 'D3.18', 3, '2023', 5783),
(11959, 'D3.19', 3, '2023', 5499),
(11960, 'D3.2', 3, '2023', 899),
(11961, 'D3.20', 3, '2023', 3612),
(11962, 'D3.21', 3, '2023', 2741),
(11963, 'D3.22', 3, '2023', 3818),
(11964, 'D3.23', 3, '2023', 804),
(11965, 'D3.24', 3, '2023', 1454),
(11966, 'D3.25', 3, '2023', 1425),
(11967, 'D3.26', 3, '2023', 1461),
(11968, 'D3.27', 3, '2023', 2884),
(11969, 'D3.28.29', 3, '2023', 59),
(11970, 'D3.30', 3, '2023', 1079),
(11971, 'D3.31', 3, '2023', 3959),
(11972, 'D3.3A', 3, '2023', 1200),
(11973, 'D3.5', 3, '2023', 3065),
(11974, 'D3.6', 3, '2023', 1599),
(11975, 'D3.7', 3, '2023', 514),
(11976, 'D3.8', 3, '2023', 1248),
(11977, 'D3.9', 3, '2023', 1477),
(11978, 'D4.11', 3, '2023', 198),
(11979, 'D4.12', 3, '2023', 307),
(11980, 'D4.13', 3, '2023', 2110),
(11981, 'D4.15', 3, '2023', 1543),
(11982, 'D4.16', 3, '2023', 1350),
(11983, 'D4.17', 3, '2023', 662),
(11984, 'D4.18', 3, '2023', 1622),
(11985, 'D4.19', 3, '2023', 3773),
(11986, 'D4.2', 3, '2023', 962),
(11987, 'D4.20', 3, '2023', 3888),
(11988, 'D4.21', 3, '2023', 1763),
(11989, 'D4.22', 3, '2023', 1651),
(11990, 'D4.23', 3, '2023', 730),
(11991, 'D4.24', 3, '2023', 1230),
(11992, 'D4.25', 3, '2023', 1123),
(11993, 'D4.26', 3, '2023', 1),
(11994, 'D4.27', 3, '2023', 1364),
(11995, 'D4.28', 3, '2023', 1603),
(11996, 'D4.29', 3, '2023', 2846),
(11997, 'D4.3', 3, '2023', 2287),
(11998, 'D4.30', 3, '2023', 2376),
(11999, 'D4.31', 3, '2023', 920),
(12000, 'D4.4', 3, '2023', 1299),
(12001, 'D4.5', 3, '2023', 624),
(12002, 'D4.6', 3, '2023', 1502),
(12003, 'D4.9', 3, '2023', 653),
(12004, 'E.1', 3, '2023', 2306),
(12005, 'E.10', 3, '2023', 108),
(12006, 'E.11', 3, '2023', 1969),
(12007, 'E.12A', 3, '2023', 2707),
(12008, 'E.12B', 3, '2023', 1),
(12009, 'E.14', 3, '2023', 1),
(12010, 'E.16', 3, '2023', 3806),
(12011, 'E.17', 3, '2023', 4683),
(12012, 'E.18', 3, '2023', 2102),
(12013, 'E.19', 3, '2023', 2996),
(12014, 'E.2', 3, '2023', 2643),
(12015, 'E.21', 3, '2023', 305),
(12016, 'E.22', 3, '2023', 4463),
(12017, 'E.23', 3, '2023', 3375),
(12018, 'E.24', 3, '2023', 654),
(12019, 'E.25', 3, '2023', 4010),
(12020, 'E.26', 3, '2023', 1653),
(12021, 'E.3A', 3, '2023', 1042),
(12022, 'E.3B', 3, '2023', 606),
(12023, 'E.5A', 3, '2023', 931),
(12024, 'E.5B', 3, '2023', 2893),
(12025, 'E.6', 3, '2023', 1261),
(12026, 'E.7A', 3, '2023', 1133),
(12027, 'E.7B', 3, '2023', 9126),
(12028, 'E.8', 3, '2023', 2774),
(12029, 'E.9A', 3, '2023', 3495),
(12030, 'E.9B', 3, '2023', 635),
(12031, 'E.9C', 3, '2023', 0),
(12032, 'F.10', 3, '2023', 2995),
(12033, 'F.11', 3, '2023', 2224),
(12034, 'F.12A', 3, '2023', 1078),
(12035, 'F.12B', 3, '2023', 118),
(12036, 'F.14', 3, '2023', 671),
(12037, 'F.15', 3, '2023', 247),
(12038, 'F.2', 3, '2023', 994),
(12039, 'F.3A', 3, '2023', 1644),
(12040, 'F.3B', 3, '2023', 1739),
(12041, 'F.5', 3, '2023', 294),
(12042, 'F.6', 3, '2023', 1164),
(12043, 'F.7', 3, '2023', 2228),
(12044, 'F.8', 3, '2023', 987),
(12045, 'F.9', 3, '2023', 2775),
(12046, 'G.1', 3, '2023', 1),
(12047, 'G.2', 3, '2023', 1414),
(12048, 'G.3', 3, '2023', 142),
(12049, 'A.1', 4, '2023', 4241),
(12050, 'A.10.11', 4, '2023', 4147),
(12051, 'A.12.13', 4, '2023', 5335),
(12052, 'A.14.15', 4, '2023', 1516),
(12053, 'A.16', 4, '2023', 25),
(12054, 'A.17', 4, '2023', 1531),
(12055, 'A.18', 4, '2023', 2021),
(12056, 'A.19', 4, '2023', 67),
(12057, 'A.2', 4, '2023', 845),
(12058, 'A.20', 4, '2023', 3226),
(12059, 'A.21', 4, '2023', 755),
(12060, 'A.23', 4, '2023', 325),
(12061, 'A.24', 4, '2023', 9),
(12062, 'A.3', 4, '2023', 2628),
(12063, 'A.4.5', 4, '2023', 3933),
(12064, 'A.8.9', 4, '2023', 340),
(12065, 'B.1', 4, '2023', 1276),
(12066, 'B.10', 4, '2023', 1716),
(12067, 'B.11', 4, '2023', 2869),
(12068, 'B.12', 4, '2023', 3331),
(12069, 'B.2', 4, '2023', 3925),
(12070, 'B.3', 4, '2023', 258),
(12071, 'B.4', 4, '2023', 1892),
(12072, 'B.5', 4, '2023', 2226),
(12073, 'B.6', 4, '2023', 1110),
(12074, 'B.8', 4, '2023', 2160),
(12075, 'B.9', 4, '2023', 2539),
(12076, 'B2.1', 4, '2023', 2280),
(12077, 'B2.10', 4, '2023', 30),
(12078, 'B2.12A', 4, '2023', 272),
(12079, 'B2.16', 4, '2023', 3898),
(12080, 'B2.2', 4, '2023', 4154),
(12081, 'B2.3', 4, '2023', 1776),
(12082, 'B2.4', 4, '2023', 1300),
(12083, 'B2.5', 4, '2023', 863),
(12084, 'B2.6', 4, '2023', 2567),
(12085, 'B2.7', 4, '2023', 157),
(12086, 'B2.8', 4, '2023', 1),
(12087, 'B2.9', 4, '2023', 2401),
(12088, 'BA.1', 4, '2023', 11672),
(12089, 'BA.10', 4, '2023', 4671),
(12090, 'BA.11', 4, '2023', 1718),
(12091, 'BA.12A', 4, '2023', 1),
(12092, 'BA.12B', 4, '2023', 3286),
(12093, 'BA.14', 4, '2023', 47),
(12094, 'BA.16', 4, '2023', 5479),
(12095, 'BA.17', 4, '2023', 2631),
(12096, 'BA.18', 4, '2023', 3634),
(12097, 'BA.19', 4, '2023', 1347),
(12098, 'BA.2', 4, '2023', 935),
(12099, 'BA.20', 4, '2023', 100),
(12100, 'BA.21', 4, '2023', 3378),
(12101, 'BA.22', 4, '2023', 4346),
(12102, 'BA.23', 4, '2023', 3293),
(12103, 'BA.24', 4, '2023', 772),
(12104, 'BA.25', 4, '2023', 238),
(12105, 'BA.26', 4, '2023', 41),
(12106, 'BA.27', 4, '2023', 53),
(12107, 'BA.28', 4, '2023', 1880),
(12108, 'BA.29', 4, '2023', 1604),
(12109, 'BA.30', 4, '2023', 1),
(12110, 'BA.31', 4, '2023', 724),
(12111, 'BA.32a.36a', 4, '2023', 814),
(12112, 'BA.32b', 4, '2023', 3198),
(12113, 'BA.33A', 4, '2023', 825),
(12114, 'BA.33B', 4, '2023', 2916),
(12115, 'BA.34', 4, '2023', 3456),
(12116, 'BA.35', 4, '2023', 4789),
(12117, 'BA.36b', 4, '2023', 2711),
(12118, 'BA.37A', 4, '2023', 1859),
(12119, 'BA.37B', 4, '2023', 1389),
(12120, 'BA.38', 4, '2023', 3221),
(12121, 'BA.39', 4, '2023', 681),
(12122, 'BA.3A', 4, '2023', 2759),
(12123, 'BA.3b', 4, '2023', 4035),
(12124, 'BA.40', 4, '2023', 546),
(12125, 'BA.41', 4, '2023', 3208),
(12126, 'BA.42', 4, '2023', 898),
(12127, 'BA.43', 4, '2023', 732),
(12128, 'BA.44', 4, '2023', 4659),
(12129, 'BA.45', 4, '2023', 11),
(12130, 'BA.46', 4, '2023', 4221),
(12131, 'BA.47', 4, '2023', 593),
(12132, 'BA.48', 4, '2023', 472),
(12133, 'BA.49', 4, '2023', 793),
(12134, 'BA.5', 4, '2023', 4500),
(12135, 'BA.50', 4, '2023', 1748),
(12136, 'BA.51', 4, '2023', 4239),
(12137, 'BA.52', 4, '2023', 1481),
(12138, 'BA.53', 4, '2023', 3482),
(12139, 'BA.54', 4, '2023', 87),
(12140, 'BA.55', 4, '2023', 3235),
(12141, 'BA.56', 4, '2023', 2259),
(12142, 'BA.57', 4, '2023', 3139),
(12143, 'BA.58', 4, '2023', 2311),
(12144, 'BA.59', 4, '2023', 521),
(12145, 'BA.6', 4, '2023', 1284),
(12146, 'BA.60', 4, '2023', 171),
(12147, 'BA.7', 4, '2023', 1686),
(12148, 'BA.8', 4, '2023', 6624),
(12149, 'BA.9', 4, '2023', 557),
(12150, 'C.1', 4, '2023', 11),
(12151, 'C.10', 4, '2023', 1),
(12152, 'C.11', 4, '2023', 2880),
(12153, 'C.12', 4, '2023', 111),
(12154, 'C.12AB', 4, '2023', 1335),
(12155, 'C.15', 4, '2023', 2776),
(12156, 'C.16', 4, '2023', 2373),
(12157, 'C.17', 4, '2023', 1589),
(12158, 'C.2', 4, '2023', 3154),
(12159, 'C.3', 4, '2023', 1980),
(12160, 'C.4', 4, '2023', 2694),
(12161, 'C.5', 4, '2023', 48),
(12162, 'C.6', 4, '2023', 3475),
(12163, 'C.7', 4, '2023', 2981),
(12164, 'C.7A', 4, '2023', 750),
(12165, 'C.7B', 4, '2023', 4027),
(12166, 'C.8', 4, '2023', 454),
(12167, 'C.9', 4, '2023', 1073),
(12168, 'D1.10.11', 4, '2023', 5621),
(12169, 'D1.12', 4, '2023', 3153),
(12170, 'D1.12A', 4, '2023', 4410),
(12171, 'D1.14', 4, '2023', 2135),
(12172, 'D1.15.16', 4, '2023', 130),
(12173, 'D1.17', 4, '2023', 8543),
(12174, 'D1.18', 4, '2023', 1446),
(12175, 'D1.19', 4, '2023', 4624),
(12176, 'D1.2', 4, '2023', 842),
(12177, 'D1.20', 4, '2023', 1995),
(12178, 'D1.3', 4, '2023', 1741),
(12179, 'D1.4', 4, '2023', 0),
(12180, 'D1.5', 4, '2023', 4229),
(12181, 'D1.6', 4, '2023', 1250),
(12182, 'D1.7', 4, '2023', 2855),
(12183, 'D1.8', 4, '2023', 8227),
(12184, 'D1.9', 4, '2023', 3245),
(12185, 'D2 24 ', 4, '2023', 4458),
(12186, 'D2.1', 4, '2023', 7694),
(12187, 'D2.10', 4, '2023', 5495),
(12188, 'D2.11', 4, '2023', 795),
(12189, 'D2.12', 4, '2023', 2549),
(12190, 'D2.12A', 4, '2023', 1344),
(12191, 'D2.14', 4, '2023', 2150),
(12192, 'D2.15', 4, '2023', 1155),
(12193, 'D2.16', 4, '2023', 2274),
(12194, 'D2.17', 4, '2023', 1917),
(12195, 'D2.18', 4, '2023', 1707),
(12196, 'D2.19', 4, '2023', 137),
(12197, 'D2.2', 4, '2023', 5664),
(12198, 'D2.20', 4, '2023', 3483),
(12199, 'D2.21.22', 4, '2023', 343),
(12200, 'D2.23', 4, '2023', 3053),
(12201, 'D2.27', 4, '2023', 3262),
(12202, 'D2.28', 4, '2023', 1980),
(12203, 'D2.29', 4, '2023', 1658),
(12204, 'D2.30', 4, '2023', 513),
(12205, 'D2.31', 4, '2023', 1959),
(12206, 'D2.32', 4, '2023', 3762),
(12207, 'D2.3A', 4, '2023', 4901),
(12208, 'D2.3B', 4, '2023', 4440),
(12209, 'D2.5', 4, '2023', 7001),
(12210, 'D2.6', 4, '2023', 1955),
(12211, 'D2.9', 4, '2023', 8036),
(12212, 'D3.1', 4, '2023', 2824),
(12213, 'D3.10', 4, '2023', 706),
(12214, 'D3.11', 4, '2023', 248),
(12215, 'D3.12A', 4, '2023', 1063),
(12216, 'D3.12B', 4, '2023', 2469),
(12217, 'D3.14', 4, '2023', 2283),
(12218, 'D3.15', 4, '2023', 2004),
(12219, 'D3.16', 4, '2023', 1795),
(12220, 'D3.17', 4, '2023', 2779),
(12221, 'D3.18', 4, '2023', 5834),
(12222, 'D3.19', 4, '2023', 5499),
(12223, 'D3.2', 4, '2023', 899),
(12224, 'D3.20', 4, '2023', 3656),
(12225, 'D3.21', 4, '2023', 2760),
(12226, 'D3.22', 4, '2023', 3831),
(12227, 'D3.23', 4, '2023', 804),
(12228, 'D3.24', 4, '2023', 1454),
(12229, 'D3.25', 4, '2023', 1441),
(12230, 'D3.26', 4, '2023', 1461),
(12231, 'D3.27', 4, '2023', 2908),
(12232, 'D3.28.29', 4, '2023', 59),
(12233, 'D3.30', 4, '2023', 1079),
(12234, 'D3.31', 4, '2023', 3983),
(12235, 'D3.3A', 4, '2023', 1207),
(12236, 'D3.5', 4, '2023', 3103),
(12237, 'D3.6', 4, '2023', 1599),
(12238, 'D3.7', 4, '2023', 520),
(12239, 'D3.8', 4, '2023', 1251),
(12240, 'D3.9', 4, '2023', 1522),
(12241, 'D4.11', 4, '2023', 199),
(12242, 'D4.12', 4, '2023', 312),
(12243, 'D4.13', 4, '2023', 2114),
(12244, 'D4.15', 4, '2023', 1563),
(12245, 'D4.16', 4, '2023', 1372),
(12246, 'D4.17', 4, '2023', 669),
(12247, 'D4.18', 4, '2023', 1654),
(12248, 'D4.19', 4, '2023', 3799),
(12249, 'D4.2', 4, '2023', 991),
(12250, 'D4.20', 4, '2023', 3888),
(12251, 'D4.21', 4, '2023', 1775),
(12252, 'D4.22', 4, '2023', 1664),
(12253, 'D4.23', 4, '2023', 730),
(12254, 'D4.24', 4, '2023', 1234),
(12255, 'D4.25', 4, '2023', 1129),
(12256, 'D4.26', 4, '2023', 1),
(12257, 'D4.27', 4, '2023', 1379),
(12258, 'D4.28', 4, '2023', 1603),
(12259, 'D4.29', 4, '2023', 2853),
(12260, 'D4.3', 4, '2023', 2287),
(12261, 'D4.30', 4, '2023', 2413),
(12262, 'D4.31', 4, '2023', 920),
(12263, 'D4.4', 4, '2023', 1305),
(12264, 'D4.5', 4, '2023', 627),
(12265, 'D4.6', 4, '2023', 1515),
(12266, 'D4.9', 4, '2023', 653),
(12267, 'E.1', 4, '2023', 2318),
(12268, 'E.10', 4, '2023', 108),
(12269, 'E.11', 4, '2023', 1969),
(12270, 'E.12A', 4, '2023', 2711),
(12271, 'E.12B', 4, '2023', 1),
(12272, 'E.14', 4, '2023', 1),
(12273, 'E.16', 4, '2023', 3981),
(12274, 'E.17', 4, '2023', 4728),
(12275, 'E.18', 4, '2023', 2102),
(12276, 'E.19', 4, '2023', 3018),
(12277, 'E.2', 4, '2023', 2654),
(12278, 'E.21', 4, '2023', 305),
(12279, 'E.22', 4, '2023', 4482),
(12280, 'E.23', 4, '2023', 3375),
(12281, 'E.24', 4, '2023', 680),
(12282, 'E.25', 4, '2023', 4027),
(12283, 'E.26', 4, '2023', 1689),
(12284, 'E.3A', 4, '2023', 1042),
(12285, 'E.3B', 4, '2023', 606),
(12286, 'E.5A', 4, '2023', 957),
(12287, 'E.5B', 4, '2023', 2930),
(12288, 'E.6', 4, '2023', 1316),
(12289, 'E.7A', 4, '2023', 1147),
(12290, 'E.7B', 4, '2023', 9130),
(12291, 'E.8', 4, '2023', 2810),
(12292, 'E.9A', 4, '2023', 3534),
(12293, 'E.9B', 4, '2023', 651),
(12294, 'E.9C', 4, '2023', 0),
(12295, 'F.10', 4, '2023', 3023),
(12296, 'F.11', 4, '2023', 2242),
(12297, 'F.12A', 4, '2023', 1084),
(12298, 'F.12B', 4, '2023', 128),
(12299, 'F.14', 4, '2023', 671),
(12300, 'F.15', 4, '2023', 247),
(12301, 'F.2', 4, '2023', 1008),
(12302, 'F.3A', 4, '2023', 1654),
(12303, 'F.3B', 4, '2023', 1763),
(12304, 'F.5', 4, '2023', 335),
(12305, 'F.6', 4, '2023', 1189),
(12306, 'F.7', 4, '2023', 2241),
(12307, 'F.8', 4, '2023', 1004),
(12308, 'F.9', 4, '2023', 2782),
(12309, 'G.1', 4, '2023', 1),
(12310, 'G.2', 4, '2023', 1431),
(12311, 'G.3', 4, '2023', 168),
(12312, 'A.1', 5, '2023', 4242),
(12313, 'A.10.11', 5, '2023', 4147),
(12314, 'A.12.13', 5, '2023', 5363),
(12315, 'A.14.15', 5, '2023', 1544),
(12316, 'A.16', 5, '2023', 31),
(12317, 'A.17', 5, '2023', 1582),
(12318, 'A.18', 5, '2023', 2036),
(12319, 'A.19', 5, '2023', 82),
(12320, 'A.2', 5, '2023', 847),
(12321, 'A.20', 5, '2023', 3228),
(12322, 'A.21', 5, '2023', 778),
(12323, 'A.23', 5, '2023', 365),
(12324, 'A.24', 5, '2023', 9),
(12325, 'A.3', 5, '2023', 2628),
(12326, 'A.4.5', 5, '2023', 3939),
(12327, 'A.8.9', 5, '2023', 361),
(12328, 'B.1', 5, '2023', 1357),
(12329, 'B.10', 5, '2023', 1723),
(12330, 'B.11', 5, '2023', 2869),
(12331, 'B.12', 5, '2023', 3331),
(12332, 'B.2', 5, '2023', 3925),
(12333, 'B.3', 5, '2023', 259),
(12334, 'B.4', 5, '2023', 1921),
(12335, 'B.5', 5, '2023', 2230),
(12336, 'B.6', 5, '2023', 1132),
(12337, 'B.8', 5, '2023', 2160),
(12338, 'B.9', 5, '2023', 2560),
(12339, 'B2.1', 5, '2023', 2281),
(12340, 'B2.10', 5, '2023', 30),
(12341, 'B2.12A', 5, '2023', 272),
(12342, 'B2.16', 5, '2023', 3920),
(12343, 'B2.2', 5, '2023', 4175),
(12344, 'B2.3', 5, '2023', 1791),
(12345, 'B2.4', 5, '2023', 1323),
(12346, 'B2.5', 5, '2023', 863),
(12347, 'B2.6', 5, '2023', 2585),
(12348, 'B2.7', 5, '2023', 157),
(12349, 'B2.8', 5, '2023', 1),
(12350, 'B2.9', 5, '2023', 2411),
(12351, 'BA.1', 5, '2023', 11722),
(12352, 'BA.10', 5, '2023', 4701),
(12353, 'BA.11', 5, '2023', 1718),
(12354, 'BA.12A', 5, '2023', 1),
(12355, 'BA.12B', 5, '2023', 3295),
(12356, 'BA.14', 5, '2023', 64),
(12357, 'BA.16', 5, '2023', 5516),
(12358, 'BA.17', 5, '2023', 2640),
(12359, 'BA.18', 5, '2023', 3660),
(12360, 'BA.19', 5, '2023', 1374),
(12361, 'BA.2', 5, '2023', 939),
(12362, 'BA.20', 5, '2023', 114),
(12363, 'BA.21', 5, '2023', 3412),
(12364, 'BA.22', 5, '2023', 4386),
(12365, 'BA.23', 5, '2023', 3338),
(12366, 'BA.24', 5, '2023', 772),
(12367, 'BA.25', 5, '2023', 259),
(12368, 'BA.26', 5, '2023', 48),
(12369, 'BA.27', 5, '2023', 65),
(12370, 'BA.28', 5, '2023', 1943),
(12371, 'BA.29', 5, '2023', 1616),
(12372, 'BA.30', 5, '2023', 1),
(12373, 'BA.31', 5, '2023', 724),
(12374, 'BA.32a.36a', 5, '2023', 838),
(12375, 'BA.32b', 5, '2023', 3249),
(12376, 'BA.33A', 5, '2023', 825),
(12377, 'BA.33B', 5, '2023', 2919),
(12378, 'BA.34', 5, '2023', 3462),
(12379, 'BA.35', 5, '2023', 4825),
(12380, 'BA.36b', 5, '2023', 2737),
(12381, 'BA.37A', 5, '2023', 1910),
(12382, 'BA.37B', 5, '2023', 1410),
(12383, 'BA.38', 5, '2023', 3239),
(12384, 'BA.39', 5, '2023', 705),
(12385, 'BA.3A', 5, '2023', 2776),
(12386, 'BA.3b', 5, '2023', 4038),
(12387, 'BA.40', 5, '2023', 546),
(12388, 'BA.41', 5, '2023', 3231),
(12389, 'BA.42', 5, '2023', 898),
(12390, 'BA.43', 5, '2023', 782),
(12391, 'BA.44', 5, '2023', 4672),
(12392, 'BA.45', 5, '2023', 20),
(12393, 'BA.46', 5, '2023', 4221),
(12394, 'BA.47', 5, '2023', 593),
(12395, 'BA.48', 5, '2023', 472),
(12396, 'BA.49', 5, '2023', 814),
(12397, 'BA.5', 5, '2023', 4523),
(12398, 'BA.50', 5, '2023', 1748),
(12399, 'BA.51', 5, '2023', 4258),
(12400, 'BA.52', 5, '2023', 1494),
(12401, 'BA.53', 5, '2023', 3509),
(12402, 'BA.54', 5, '2023', 109),
(12403, 'BA.55', 5, '2023', 3235),
(12404, 'BA.56', 5, '2023', 2273),
(12405, 'BA.57', 5, '2023', 3139),
(12406, 'BA.58', 5, '2023', 2315),
(12407, 'BA.59', 5, '2023', 521),
(12408, 'BA.6', 5, '2023', 1293),
(12409, 'BA.60', 5, '2023', 180),
(12410, 'BA.7', 5, '2023', 1717),
(12411, 'BA.8', 5, '2023', 6699),
(12412, 'BA.9', 5, '2023', 565),
(12413, 'C.1', 5, '2023', 11),
(12414, 'C.10', 5, '2023', 1),
(12415, 'C.11', 5, '2023', 2885),
(12416, 'C.12', 5, '2023', 194),
(12417, 'C.12AB', 5, '2023', 1341),
(12418, 'C.15', 5, '2023', 2778),
(12419, 'C.16', 5, '2023', 2409),
(12420, 'C.17', 5, '2023', 1592),
(12421, 'C.2', 5, '2023', 3173),
(12422, 'C.3', 5, '2023', 1980),
(12423, 'C.4', 5, '2023', 2710),
(12424, 'C.5', 5, '2023', 68),
(12425, 'C.6', 5, '2023', 3512),
(12426, 'C.7', 5, '2023', 3011),
(12427, 'C.7A', 5, '2023', 750),
(12428, 'C.7B', 5, '2023', 4109),
(12429, 'C.8', 5, '2023', 454),
(12430, 'C.9', 5, '2023', 1073),
(12431, 'D1.10.11', 5, '2023', 5645),
(12432, 'D1.12', 5, '2023', 3173),
(12433, 'D1.12A', 5, '2023', 4469),
(12434, 'D1.14', 5, '2023', 2151),
(12435, 'D1.15.16', 5, '2023', 147),
(12436, 'D1.17', 5, '2023', 8543),
(12437, 'D1.18', 5, '2023', 1461),
(12438, 'D1.19', 5, '2023', 4644),
(12439, 'D1.2', 5, '2023', 845),
(12440, 'D1.20', 5, '2023', 2021),
(12441, 'D1.3', 5, '2023', 1755),
(12442, 'D1.4', 5, '2023', 0),
(12443, 'D1.5', 5, '2023', 4256),
(12444, 'D1.6', 5, '2023', 1260),
(12445, 'D1.7', 5, '2023', 2869),
(12446, 'D1.8', 5, '2023', 8255),
(12447, 'D1.9', 5, '2023', 3279),
(12448, 'D2 24 ', 5, '2023', 4504),
(12449, 'D2.1', 5, '2023', 7792),
(12450, 'D2.10', 5, '2023', 5520),
(12451, 'D2.11', 5, '2023', 795),
(12452, 'D2.12', 5, '2023', 2558),
(12453, 'D2.12A', 5, '2023', 1358),
(12454, 'D2.14', 5, '2023', 2185),
(12455, 'D2.15', 5, '2023', 1166),
(12456, 'D2.16', 5, '2023', 2354),
(12457, 'D2.17', 5, '2023', 1957),
(12458, 'D2.18', 5, '2023', 1708),
(12459, 'D2.19', 5, '2023', 148),
(12460, 'D2.2', 5, '2023', 5676),
(12461, 'D2.20', 5, '2023', 3507),
(12462, 'D2.21.22', 5, '2023', 352),
(12463, 'D2.23', 5, '2023', 3053),
(12464, 'D2.27', 5, '2023', 3265),
(12465, 'D2.28', 5, '2023', 1980),
(12466, 'D2.29', 5, '2023', 1660),
(12467, 'D2.30', 5, '2023', 517),
(12468, 'D2.31', 5, '2023', 1966),
(12469, 'D2.32', 5, '2023', 3782),
(12470, 'D2.3A', 5, '2023', 4945),
(12471, 'D2.3B', 5, '2023', 4472),
(12472, 'D2.5', 5, '2023', 7148),
(12473, 'D2.6', 5, '2023', 1990),
(12474, 'D2.9', 5, '2023', 8143),
(12475, 'D3.1', 5, '2023', 2862),
(12476, 'D3.10', 5, '2023', 708),
(12477, 'D3.11', 5, '2023', 257),
(12478, 'D3.12A', 5, '2023', 1090),
(12479, 'D3.12B', 5, '2023', 2487),
(12480, 'D3.14', 5, '2023', 2299),
(12481, 'D3.15', 5, '2023', 2018),
(12482, 'D3.16', 5, '2023', 1822),
(12483, 'D3.17', 5, '2023', 2779),
(12484, 'D3.18', 5, '2023', 5884),
(12485, 'D3.19', 5, '2023', 5499),
(12486, 'D3.2', 5, '2023', 899),
(12487, 'D3.20', 5, '2023', 3691),
(12488, 'D3.21', 5, '2023', 2780),
(12489, 'D3.22', 5, '2023', 3842),
(12490, 'D3.23', 5, '2023', 804),
(12491, 'D3.24', 5, '2023', 1454),
(12492, 'D3.25', 5, '2023', 1452),
(12493, 'D3.26', 5, '2023', 1461),
(12494, 'D3.27', 5, '2023', 2928),
(12495, 'D3.28.29', 5, '2023', 59),
(12496, 'D3.30', 5, '2023', 1079),
(12497, 'D3.31', 5, '2023', 4020),
(12498, 'D3.3A', 5, '2023', 1217),
(12499, 'D3.5', 5, '2023', 3122),
(12500, 'D3.6', 5, '2023', 1599),
(12501, 'D3.7', 5, '2023', 523),
(12502, 'D3.8', 5, '2023', 1270),
(12503, 'D3.9', 5, '2023', 1557),
(12504, 'D4.11', 5, '2023', 199),
(12505, 'D4.12', 5, '2023', 316),
(12506, 'D4.13', 5, '2023', 2117),
(12507, 'D4.15', 5, '2023', 1573),
(12508, 'D4.16', 5, '2023', 1396),
(12509, 'D4.17', 5, '2023', 677),
(12510, 'D4.18', 5, '2023', 1675),
(12511, 'D4.19', 5, '2023', 3822),
(12512, 'D4.2', 5, '2023', 1008),
(12513, 'D4.20', 5, '2023', 3888),
(12514, 'D4.21', 5, '2023', 1792),
(12515, 'D4.22', 5, '2023', 1678),
(12516, 'D4.23', 5, '2023', 730),
(12517, 'D4.24', 5, '2023', 1236),
(12518, 'D4.25', 5, '2023', 1136),
(12519, 'D4.26', 5, '2023', 1),
(12520, 'D4.27', 5, '2023', 1396),
(12521, 'D4.28', 5, '2023', 1603),
(12522, 'D4.29', 5, '2023', 2859),
(12523, 'D4.3', 5, '2023', 2287),
(12524, 'D4.30', 5, '2023', 2464),
(12525, 'D4.31', 5, '2023', 920),
(12526, 'D4.4', 5, '2023', 1310),
(12527, 'D4.5', 5, '2023', 632),
(12528, 'D4.6', 5, '2023', 1537),
(12529, 'D4.9', 5, '2023', 653),
(12530, 'E.1', 5, '2023', 2327),
(12531, 'E.10', 5, '2023', 108),
(12532, 'E.11', 5, '2023', 1969),
(12533, 'E.12A', 5, '2023', 2718),
(12534, 'E.12B', 5, '2023', 1),
(12535, 'E.14', 5, '2023', 1),
(12536, 'E.16', 5, '2023', 4051),
(12537, 'E.17', 5, '2023', 4777),
(12538, 'E.18', 5, '2023', 2103),
(12539, 'E.19', 5, '2023', 3038),
(12540, 'E.2', 5, '2023', 2664),
(12541, 'E.21', 5, '2023', 305),
(12542, 'E.22', 5, '2023', 4497),
(12543, 'E.23', 5, '2023', 3375),
(12544, 'E.24', 5, '2023', 707),
(12545, 'E.25', 5, '2023', 4034),
(12546, 'E.26', 5, '2023', 1711),
(12547, 'E.3A', 5, '2023', 1042),
(12548, 'E.3B', 5, '2023', 606),
(12549, 'E.5A', 5, '2023', 977),
(12550, 'E.5B', 5, '2023', 2950),
(12551, 'E.6', 5, '2023', 1386),
(12552, 'E.7A', 5, '2023', 1161),
(12553, 'E.7B', 5, '2023', 9133),
(12554, 'E.8', 5, '2023', 2853),
(12555, 'E.9A', 5, '2023', 3574),
(12556, 'E.9B', 5, '2023', 667),
(12557, 'E.9C', 5, '2023', 0),
(12558, 'F.10', 5, '2023', 3042),
(12559, 'F.11', 5, '2023', 2269),
(12560, 'F.12A', 5, '2023', 1101),
(12561, 'F.12B', 5, '2023', 137),
(12562, 'F.14', 5, '2023', 673),
(12563, 'F.15', 5, '2023', 247),
(12564, 'F.2', 5, '2023', 1020),
(12565, 'F.3A', 5, '2023', 1659),
(12566, 'F.3B', 5, '2023', 1784),
(12567, 'F.5', 5, '2023', 416),
(12568, 'F.6', 5, '2023', 1218),
(12569, 'F.7', 5, '2023', 2250),
(12570, 'F.8', 5, '2023', 1021),
(12571, 'F.9', 5, '2023', 2785),
(12572, 'G.1', 5, '2023', 1),
(12573, 'G.2', 5, '2023', 1449),
(12574, 'G.3', 5, '2023', 192),
(12575, 'A.1', 6, '2023', 4242),
(12576, 'A.10.11', 6, '2023', 4384),
(12577, 'A.12.13', 6, '2023', 5398),
(12578, 'A.14.15', 6, '2023', 1579),
(12579, 'A.16', 6, '2023', 38),
(12580, 'A.17', 6, '2023', 1650),
(12581, 'A.18', 6, '2023', 2063),
(12582, 'A.19', 6, '2023', 115),
(12583, 'A.2', 6, '2023', 847),
(12584, 'A.20', 6, '2023', 3236),
(12585, 'A.21', 6, '2023', 813),
(12586, 'A.23', 6, '2023', 412),
(12587, 'A.24', 6, '2023', 9),
(12588, 'A.3', 6, '2023', 2628),
(12589, 'A.4.5', 6, '2023', 3948),
(12590, 'A.8.9', 6, '2023', 383),
(12591, 'B.1', 6, '2023', 1357),
(12592, 'B.10', 6, '2023', 1765),
(12593, 'B.11', 6, '2023', 2869),
(12594, 'B.12', 6, '2023', 3331),
(12595, 'B.2', 6, '2023', 3925),
(12596, 'B.3', 6, '2023', 260),
(12597, 'B.4', 6, '2023', 1962),
(12598, 'B.5', 6, '2023', 2238),
(12599, 'B.6', 6, '2023', 1145),
(12600, 'B.8', 6, '2023', 2160),
(12601, 'B.9', 6, '2023', 2571),
(12602, 'B2.1', 6, '2023', 2298),
(12603, 'B2.10', 6, '2023', 30),
(12604, 'B2.12A', 6, '2023', 272),
(12605, 'B2.16', 6, '2023', 3940),
(12606, 'B2.2', 6, '2023', 4194),
(12607, 'B2.3', 6, '2023', 1800),
(12608, 'B2.4', 6, '2023', 1354),
(12609, 'B2.5', 6, '2023', 865),
(12610, 'B2.6', 6, '2023', 2606),
(12611, 'B2.7', 6, '2023', 157),
(12612, 'B2.8', 6, '2023', 1),
(12613, 'B2.9', 6, '2023', 2472),
(12614, 'BA.1', 6, '2023', 11805),
(12615, 'BA.10', 6, '2023', 4752),
(12616, 'BA.11', 6, '2023', 1724),
(12617, 'BA.12A', 6, '2023', 1),
(12618, 'BA.12B', 6, '2023', 3312),
(12619, 'BA.14', 6, '2023', 85),
(12620, 'BA.16', 6, '2023', 5544),
(12621, 'BA.17', 6, '2023', 2645),
(12622, 'BA.18', 6, '2023', 3695),
(12623, 'BA.19', 6, '2023', 1394),
(12624, 'BA.2', 6, '2023', 944),
(12625, 'BA.20', 6, '2023', 128),
(12626, 'BA.21', 6, '2023', 3453),
(12627, 'BA.22', 6, '2023', 4442),
(12628, 'BA.23', 6, '2023', 3403),
(12629, 'BA.24', 6, '2023', 772),
(12630, 'BA.25', 6, '2023', 287),
(12631, 'BA.26', 6, '2023', 53),
(12632, 'BA.27', 6, '2023', 75),
(12633, 'BA.28', 6, '2023', 1968),
(12634, 'BA.29', 6, '2023', 1626),
(12635, 'BA.30', 6, '2023', 1),
(12636, 'BA.31', 6, '2023', 724),
(12637, 'BA.32a.36a', 6, '2023', 878),
(12638, 'BA.32b', 6, '2023', 3268),
(12639, 'BA.33A', 6, '2023', 825),
(12640, 'BA.33B', 6, '2023', 2929),
(12641, 'BA.34', 6, '2023', 3466),
(12642, 'BA.35', 6, '2023', 4874),
(12643, 'BA.36b', 6, '2023', 2773),
(12644, 'BA.37A', 6, '2023', 1927),
(12645, 'BA.37B', 6, '2023', 1422),
(12646, 'BA.38', 6, '2023', 3257),
(12647, 'BA.39', 6, '2023', 784),
(12648, 'BA.3A', 6, '2023', 2798),
(12649, 'BA.3b', 6, '2023', 4039),
(12650, 'BA.40', 6, '2023', 559),
(12651, 'BA.41', 6, '2023', 3278),
(12652, 'BA.42', 6, '2023', 898),
(12653, 'BA.43', 6, '2023', 832),
(12654, 'BA.44', 6, '2023', 4706),
(12655, 'BA.45', 6, '2023', 53),
(12656, 'BA.46', 6, '2023', 4221),
(12657, 'BA.47', 6, '2023', 596),
(12658, 'BA.48', 6, '2023', 472),
(12659, 'BA.49', 6, '2023', 823),
(12660, 'BA.5', 6, '2023', 4553),
(12661, 'BA.50', 6, '2023', 1748),
(12662, 'BA.51', 6, '2023', 4290),
(12663, 'BA.52', 6, '2023', 1494),
(12664, 'BA.53', 6, '2023', 3530),
(12665, 'BA.54', 6, '2023', 137),
(12666, 'BA.55', 6, '2023', 3235),
(12667, 'BA.56', 6, '2023', 2295),
(12668, 'BA.57', 6, '2023', 3139),
(12669, 'BA.58', 6, '2023', 2332),
(12670, 'BA.59', 6, '2023', 521),
(12671, 'BA.6', 6, '2023', 1303),
(12672, 'BA.60', 6, '2023', 201),
(12673, 'BA.7', 6, '2023', 1737),
(12674, 'BA.8', 6, '2023', 6704),
(12675, 'BA.9', 6, '2023', 580),
(12676, 'C.1', 6, '2023', 38),
(12677, 'C.10', 6, '2023', 1),
(12678, 'C.11', 6, '2023', 2899),
(12679, 'C.12', 6, '2023', 143),
(12680, 'C.12AB', 6, '2023', 1344),
(12681, 'C.15', 6, '2023', 2796),
(12682, 'C.16', 6, '2023', 2445),
(12683, 'C.17', 6, '2023', 1597),
(12684, 'C.2', 6, '2023', 3227),
(12685, 'C.3', 6, '2023', 1980),
(12686, 'C.4', 6, '2023', 2732),
(12687, 'C.5', 6, '2023', 85),
(12688, 'C.6', 6, '2023', 3540),
(12689, 'C.7', 6, '2023', 3041),
(12690, 'C.7A', 6, '2023', 750),
(12691, 'C.7B', 6, '2023', 4230),
(12692, 'C.8', 6, '2023', 454),
(12693, 'C.9', 6, '2023', 1073),
(12694, 'D1.10.11', 6, '2023', 5670),
(12695, 'D1.12', 6, '2023', 3197),
(12696, 'D1.12A', 6, '2023', 4508),
(12697, 'D1.14', 6, '2023', 2161),
(12698, 'D1.15.16', 6, '2023', 177),
(12699, 'D1.17', 6, '2023', 8588),
(12700, 'D1.18', 6, '2023', 1483),
(12701, 'D1.19', 6, '2023', 4680),
(12702, 'D1.2', 6, '2023', 856),
(12703, 'D1.20', 6, '2023', 2048),
(12704, 'D1.3', 6, '2023', 1774),
(12705, 'D1.4', 6, '2023', 0),
(12706, 'D1.5', 6, '2023', 4288),
(12707, 'D1.6', 6, '2023', 1272),
(12708, 'D1.7', 6, '2023', 2886),
(12709, 'D1.8', 6, '2023', 8291),
(12710, 'D1.9', 6, '2023', 3314),
(12711, 'D2 24 ', 6, '2023', 4533),
(12712, 'D2.1', 6, '2023', 7959),
(12713, 'D2.10', 6, '2023', 5553),
(12714, 'D2.11', 6, '2023', 795),
(12715, 'D2.12', 6, '2023', 2576),
(12716, 'D2.12A', 6, '2023', 1375),
(12717, 'D2.14', 6, '2023', 2230),
(12718, 'D2.15', 6, '2023', 1176),
(12719, 'D2.16', 6, '2023', 2393),
(12720, 'D2.17', 6, '2023', 1994),
(12721, 'D2.18', 6, '2023', 1708),
(12722, 'D2.19', 6, '2023', 154),
(12723, 'D2.2', 6, '2023', 5697),
(12724, 'D2.20', 6, '2023', 3514),
(12725, 'D2.21.22', 6, '2023', 483),
(12726, 'D2.23', 6, '2023', 0),
(12727, 'D2.27', 6, '2023', 3278),
(12728, 'D2.28', 6, '2023', 1980),
(12729, 'D2.29', 6, '2023', 1662),
(12730, 'D2.30', 6, '2023', 525),
(12731, 'D2.31', 6, '2023', 1973),
(12732, 'D2.32', 6, '2023', 3799),
(12733, 'D2.3A', 6, '2023', 4994),
(12734, 'D2.3B', 6, '2023', 4522),
(12735, 'D2.5', 6, '2023', 7300),
(12736, 'D2.6', 6, '2023', 2043),
(12737, 'D2.9', 6, '2023', 8048),
(12738, 'D3.1', 6, '2023', 2913),
(12739, 'D3.10', 6, '2023', 743),
(12740, 'D3.11', 6, '2023', 273),
(12741, 'D3.12A', 6, '2023', 1129),
(12742, 'D3.12B', 6, '2023', 2518),
(12743, 'D3.14', 6, '2023', 2330),
(12744, 'D3.15', 6, '2023', 2033),
(12745, 'D3.16', 6, '2023', 1855),
(12746, 'D3.17', 6, '2023', 2779),
(12747, 'D3.18', 6, '2023', 5940),
(12748, 'D3.19', 6, '2023', 5499),
(12749, 'D3.2', 6, '2023', 899),
(12750, 'D3.20', 6, '2023', 3736),
(12751, 'D3.21', 6, '2023', 2804),
(12752, 'D3.22', 6, '2023', 3855),
(12753, 'D3.23', 6, '2023', 804),
(12754, 'D3.24', 6, '2023', 1464),
(12755, 'D3.25', 6, '2023', 1465),
(12756, 'D3.26', 6, '2023', 1461),
(12757, 'D3.27', 6, '2023', 2956),
(12758, 'D3.28.29', 6, '2023', 59),
(12759, 'D3.30', 6, '2023', 1079),
(12760, 'D3.31', 6, '2023', 4059),
(12761, 'D3.3A', 6, '2023', 1224),
(12762, 'D3.5', 6, '2023', 3166),
(12763, 'D3.6', 6, '2023', 1599),
(12764, 'D3.7', 6, '2023', 528),
(12765, 'D3.8', 6, '2023', 1275),
(12766, 'D3.9', 6, '2023', 1586),
(12767, 'D4.11', 6, '2023', 200),
(12768, 'D4.12', 6, '2023', 323),
(12769, 'D4.13', 6, '2023', 2122),
(12770, 'D4.15', 6, '2023', 1593),
(12771, 'D4.16', 6, '2023', 1410),
(12772, 'D4.17', 6, '2023', 684),
(12773, 'D4.18', 6, '2023', 1700),
(12774, 'D4.19', 6, '2023', 3856),
(12775, 'D4.2', 6, '2023', 1036),
(12776, 'D4.20', 6, '2023', 3888),
(12777, 'D4.21', 6, '2023', 1811),
(12778, 'D4.22', 6, '2023', 1691),
(12779, 'D4.23', 6, '2023', 730),
(12780, 'D4.24', 6, '2023', 1240),
(12781, 'D4.25', 6, '2023', 1146),
(12782, 'D4.26', 6, '2023', 1),
(12783, 'D4.27', 6, '2023', 1413),
(12784, 'D4.28', 6, '2023', 1603),
(12785, 'D4.29', 6, '2023', 2869),
(12786, 'D4.3', 6, '2023', 2287),
(12787, 'D4.30', 6, '2023', 2502),
(12788, 'D4.31', 6, '2023', 930),
(12789, 'D4.4', 6, '2023', 1317),
(12790, 'D4.5', 6, '2023', 637),
(12791, 'D4.6', 6, '2023', 1557),
(12792, 'D4.9', 6, '2023', 653),
(12793, 'E.1', 6, '2023', 2344),
(12794, 'E.10', 6, '2023', 108),
(12795, 'E.11', 6, '2023', 1969),
(12796, 'E.12A', 6, '2023', 2720),
(12797, 'E.12B', 6, '2023', 1),
(12798, 'E.14', 6, '2023', 1),
(12799, 'E.16', 6, '2023', 4107),
(12800, 'E.17', 6, '2023', 4814),
(12801, 'E.18', 6, '2023', 2103),
(12802, 'E.19', 6, '2023', 3064),
(12803, 'E.2', 6, '2023', 2676),
(12804, 'E.21', 6, '2023', 305),
(12805, 'E.22', 6, '2023', 4518),
(12806, 'E.23', 6, '2023', 3375),
(12807, 'E.24', 6, '2023', 747),
(12808, 'E.25', 6, '2023', 4054),
(12809, 'E.26', 6, '2023', 1749),
(12810, 'E.3A', 6, '2023', 1042),
(12811, 'E.3B', 6, '2023', 606),
(12812, 'E.5A', 6, '2023', 992),
(12813, 'E.5B', 6, '2023', 2995),
(12814, 'E.6', 6, '2023', 1465),
(12815, 'E.7A', 6, '2023', 1171),
(12816, 'E.7B', 6, '2023', 9140),
(12817, 'E.8', 6, '2023', 2894),
(12818, 'E.9A', 6, '2023', 3618),
(12819, 'E.9B', 6, '2023', 678),
(12820, 'E.9C', 6, '2023', 0),
(12821, 'F.10', 6, '2023', 3075),
(12822, 'F.11', 6, '2023', 2294),
(12823, 'F.12A', 6, '2023', 1117),
(12824, 'F.12B', 6, '2023', 155),
(12825, 'F.14', 6, '2023', 673),
(12826, 'F.15', 6, '2023', 247),
(12827, 'F.2', 6, '2023', 1042),
(12828, 'F.3A', 6, '2023', 1662),
(12829, 'F.3B', 6, '2023', 1805),
(12830, 'F.5', 6, '2023', 452),
(12831, 'F.6', 6, '2023', 1242),
(12832, 'F.7', 6, '2023', 2262),
(12833, 'F.8', 6, '2023', 1039),
(12834, 'F.9', 6, '2023', 2787),
(12835, 'G.1', 6, '2023', 1),
(12836, 'G.2', 6, '2023', 1468),
(12837, 'G.3', 6, '2023', 223),
(12838, 'A.1', 7, '2023', 4242),
(12839, 'A.10.11', 7, '2023', 4442),
(12840, 'A.12.13', 7, '2023', 5440),
(12841, 'A.14.15', 7, '2023', 1614),
(12842, 'A.16', 7, '2023', 43),
(12843, 'A.17', 7, '2023', 1733),
(12844, 'A.18', 7, '2023', 2079),
(12845, 'A.19', 7, '2023', 134),
(12846, 'A.2', 7, '2023', 847),
(12847, 'A.20', 7, '2023', 3238),
(12848, 'A.21', 7, '2023', 841),
(12849, 'A.23', 7, '2023', 426),
(12850, 'A.24', 7, '2023', 9),
(12851, 'A.3', 7, '2023', 2628),
(12852, 'A.4.5', 7, '2023', 3959),
(12853, 'A.8.9', 7, '2023', 410),
(12854, 'B.1', 7, '2023', 1464),
(12855, 'B.10', 7, '2023', 1788),
(12856, 'B.11', 7, '2023', 2869),
(12857, 'B.12', 7, '2023', 3331),
(12858, 'B.2', 7, '2023', 3925),
(12859, 'B.3', 7, '2023', 262),
(12860, 'B.4', 7, '2023', 1999),
(12861, 'B.5', 7, '2023', 2245),
(12862, 'B.6', 7, '2023', 1149),
(12863, 'B.8', 7, '2023', 2403),
(12864, 'B.9', 7, '2023', 2590),
(12865, 'B2.1', 7, '2023', 2306),
(12866, 'B2.10', 7, '2023', 30),
(12867, 'B2.12A', 7, '2023', 273),
(12868, 'B2.16', 7, '2023', 3950),
(12869, 'B2.2', 7, '2023', 4203),
(12870, 'B2.3', 7, '2023', 1830),
(12871, 'B2.4', 7, '2023', 1358),
(12872, 'B2.5', 7, '2023', 865),
(12873, 'B2.6', 7, '2023', 2622),
(12874, 'B2.7', 7, '2023', 157),
(12875, 'B2.8', 7, '2023', 1),
(12876, 'B2.9', 7, '2023', 2519),
(12877, 'BA.1', 7, '2023', 11861),
(12878, 'BA.10', 7, '2023', 4963),
(12879, 'BA.11', 7, '2023', 1730),
(12880, 'BA.12A', 7, '2023', 1),
(12881, 'BA.12B', 7, '2023', 3320),
(12882, 'BA.14', 7, '2023', 100),
(12883, 'BA.16', 7, '2023', 5567),
(12884, 'BA.17', 7, '2023', 2650),
(12885, 'BA.18', 7, '2023', 3719),
(12886, 'BA.19', 7, '2023', 1394),
(12887, 'BA.2', 7, '2023', 950),
(12888, 'BA.20', 7, '2023', 140),
(12889, 'BA.21', 7, '2023', 3490),
(12890, 'BA.22', 7, '2023', 4499),
(12891, 'BA.23', 7, '2023', 3456),
(12892, 'BA.24', 7, '2023', 772),
(12893, 'BA.25', 7, '2023', 314),
(12894, 'BA.26', 7, '2023', 60),
(12895, 'BA.27', 7, '2023', 75),
(12896, 'BA.28', 7, '2023', 1978),
(12897, 'BA.29', 7, '2023', 1648),
(12898, 'BA.30', 7, '2023', 1),
(12899, 'BA.31', 7, '2023', 729),
(12900, 'BA.32a.36a', 7, '2023', 920),
(12901, 'BA.32b', 7, '2023', 3300),
(12902, 'BA.33A', 7, '2023', 825),
(12903, 'BA.33B', 7, '2023', 2938),
(12904, 'BA.34', 7, '2023', 3469),
(12905, 'BA.35', 7, '2023', 4929),
(12906, 'BA.36b', 7, '2023', 2808),
(12907, 'BA.37A', 7, '2023', 1944),
(12908, 'BA.37B', 7, '2023', 1456),
(12909, 'BA.38', 7, '2023', 3276),
(12910, 'BA.39', 7, '2023', 825),
(12911, 'BA.3A', 7, '2023', 2812),
(12912, 'BA.3b', 7, '2023', 4042),
(12913, 'BA.40', 7, '2023', 562),
(12914, 'BA.41', 7, '2023', 3315),
(12915, 'BA.42', 7, '2023', 898),
(12916, 'BA.43', 7, '2023', 882),
(12917, 'BA.44', 7, '2023', 4747),
(12918, 'BA.45', 7, '2023', 79),
(12919, 'BA.46', 7, '2023', 4227),
(12920, 'BA.47', 7, '2023', 601),
(12921, 'BA.48', 7, '2023', 472),
(12922, 'BA.49', 7, '2023', 830),
(12923, 'BA.5', 7, '2023', 4581),
(12924, 'BA.50', 7, '2023', 1748),
(12925, 'BA.51', 7, '2023', 4314),
(12926, 'BA.52', 7, '2023', 1494),
(12927, 'BA.53', 7, '2023', 3564),
(12928, 'BA.54', 7, '2023', 158),
(12929, 'BA.55', 7, '2023', 3236),
(12930, 'BA.56', 7, '2023', 2310),
(12931, 'BA.57', 7, '2023', 3191),
(12932, 'BA.58', 7, '2023', 2352),
(12933, 'BA.59', 7, '2023', 521),
(12934, 'BA.6', 7, '2023', 1316),
(12935, 'BA.60', 7, '2023', 216),
(12936, 'BA.7', 7, '2023', 1771),
(12937, 'BA.8', 7, '2023', 6737),
(12938, 'BA.9', 7, '2023', 588),
(12939, 'C.1', 7, '2023', 50),
(12940, 'C.10', 7, '2023', 1),
(12941, 'C.11', 7, '2023', 2900),
(12942, 'C.12', 7, '2023', 149),
(12943, 'C.12AB', 7, '2023', 1348),
(12944, 'C.15', 7, '2023', 2806),
(12945, 'C.16', 7, '2023', 2445),
(12946, 'C.17', 7, '2023', 1605),
(12947, 'C.2', 7, '2023', 3269),
(12948, 'C.3', 7, '2023', 1980),
(12949, 'C.4', 7, '2023', 2746),
(12950, 'C.5', 7, '2023', 93),
(12951, 'C.6', 7, '2023', 3584),
(12952, 'C.7', 7, '2023', 3052),
(12953, 'C.7A', 7, '2023', 755),
(12954, 'C.7B', 7, '2023', 4344),
(12955, 'C.8', 7, '2023', 454),
(12956, 'C.9', 7, '2023', 1073),
(12957, 'D1.10.11', 7, '2023', 5693),
(12958, 'D1.12', 7, '2023', 3216),
(12959, 'D1.12A', 7, '2023', 4540),
(12960, 'D1.14', 7, '2023', 2172),
(12961, 'D1.15.16', 7, '2023', 202),
(12962, 'D1.17', 7, '2023', 8588),
(12963, 'D1.18', 7, '2023', 1493),
(12964, 'D1.19', 7, '2023', 4710),
(12965, 'D1.2', 7, '2023', 867),
(12966, 'D1.20', 7, '2023', 2069),
(12967, 'D1.3', 7, '2023', 1783),
(12968, 'D1.4', 7, '2023', 0),
(12969, 'D1.5', 7, '2023', 4320),
(12970, 'D1.6', 7, '2023', 1286),
(12971, 'D1.7', 7, '2023', 2891),
(12972, 'D1.8', 7, '2023', 8331),
(12973, 'D1.9', 7, '2023', 3342),
(12974, 'D2 24 ', 7, '2023', 4681),
(12975, 'D2.1', 7, '2023', 8049),
(12976, 'D2.10', 7, '2023', 5584),
(12977, 'D2.11', 7, '2023', 795),
(12978, 'D2.12', 7, '2023', 2593),
(12979, 'D2.12A', 7, '2023', 1389),
(12980, 'D2.14', 7, '2023', 2260),
(12981, 'D2.15', 7, '2023', 1188),
(12982, 'D2.16', 7, '2023', 2401),
(12983, 'D2.17', 7, '2023', 2033),
(12984, 'D2.18', 7, '2023', 1722),
(12985, 'D2.19', 7, '2023', 163),
(12986, 'D2.2', 7, '2023', 5711),
(12987, 'D2.20', 7, '2023', 3518),
(12988, 'D2.21.22', 7, '2023', 537),
(12989, 'D2.23', 7, '2023', 0),
(12990, 'D2.27', 7, '2023', 3296),
(12991, 'D2.28', 7, '2023', 1980),
(12992, 'D2.29', 7, '2023', 1665),
(12993, 'D2.30', 7, '2023', 533),
(12994, 'D2.31', 7, '2023', 27),
(12995, 'D2.32', 7, '2023', 3815),
(12996, 'D2.3A', 7, '2023', 5030),
(12997, 'D2.3B', 7, '2023', 4561),
(12998, 'D2.5', 7, '2023', 7495),
(12999, 'D2.6', 7, '2023', 2089),
(13000, 'D2.9', 7, '2023', 8754),
(13001, 'D3.1', 7, '2023', 2961),
(13002, 'D3.10', 7, '2023', 744);
INSERT INTO `meteran` (`idmeteran`, `idrumah`, `bulan`, `tahun`, `angkameteran`) VALUES
(13003, 'D3.11', 7, '2023', 282),
(13004, 'D3.12A', 7, '2023', 1159),
(13005, 'D3.12B', 7, '2023', 2538),
(13006, 'D3.14', 7, '2023', 2364),
(13007, 'D3.15', 7, '2023', 2052),
(13008, 'D3.16', 7, '2023', 1883),
(13009, 'D3.17', 7, '2023', 2779),
(13010, 'D3.18', 7, '2023', 5998),
(13011, 'D3.19', 7, '2023', 5499),
(13012, 'D3.2', 7, '2023', 899),
(13013, 'D3.20', 7, '2023', 3772),
(13014, 'D3.21', 7, '2023', 2829),
(13015, 'D3.22', 7, '2023', 3867),
(13016, 'D3.23', 7, '2023', 804),
(13017, 'D3.24', 7, '2023', 1464),
(13018, 'D3.25', 7, '2023', 1461),
(13019, 'D3.26', 7, '2023', 1461),
(13020, 'D3.27', 7, '2023', 2977),
(13021, 'D3.28.29', 7, '2023', 59),
(13022, 'D3.30', 7, '2023', 1078),
(13023, 'D3.31', 7, '2023', 4078),
(13024, 'D3.3A', 7, '2023', 1232),
(13025, 'D3.5', 7, '2023', 3199),
(13026, 'D3.6', 7, '2023', 1599),
(13027, 'D3.7', 7, '2023', 652),
(13028, 'D3.8', 7, '2023', 1286),
(13029, 'D3.9', 7, '2023', 1600),
(13030, 'D4.11', 7, '2023', 203),
(13031, 'D4.12', 7, '2023', 390),
(13032, 'D4.13', 7, '2023', 2126),
(13033, 'D4.15', 7, '2023', 1610),
(13034, 'D4.16', 7, '2023', 1437),
(13035, 'D4.17', 7, '2023', 692),
(13036, 'D4.18', 7, '2023', 1723),
(13037, 'D4.19', 7, '2023', 3882),
(13038, 'D4.2', 7, '2023', 1064),
(13039, 'D4.20', 7, '2023', 3888),
(13040, 'D4.21', 7, '2023', 1811),
(13041, 'D4.22', 7, '2023', 1701),
(13042, 'D4.23', 7, '2023', 730),
(13043, 'D4.24', 7, '2023', 1281),
(13044, 'D4.25', 7, '2023', 1152),
(13045, 'D4.26', 7, '2023', 1),
(13046, 'D4.27', 7, '2023', 1433),
(13047, 'D4.28', 7, '2023', 1623),
(13048, 'D4.29', 7, '2023', 2877),
(13049, 'D4.3', 7, '2023', 2287),
(13050, 'D4.30', 7, '2023', 2533),
(13051, 'D4.31', 7, '2023', 935),
(13052, 'D4.4', 7, '2023', 1333),
(13053, 'D4.5', 7, '2023', 670),
(13054, 'D4.6', 7, '2023', 1574),
(13055, 'D4.9', 7, '2023', 653),
(13056, 'E.1', 7, '2023', 2357),
(13057, 'E.10', 7, '2023', 108),
(13058, 'E.11', 7, '2023', 1969),
(13059, 'E.12A', 7, '2023', 2765),
(13060, 'E.12B', 7, '2023', 1),
(13061, 'E.14', 7, '2023', 1),
(13062, 'E.16', 7, '2023', 4107),
(13063, 'E.17', 7, '2023', 4862),
(13064, 'E.18', 7, '2023', 2157),
(13065, 'E.19', 7, '2023', 3083),
(13066, 'E.2', 7, '2023', 2689),
(13067, 'E.21', 7, '2023', 305),
(13068, 'E.22', 7, '2023', 4534),
(13069, 'E.23', 7, '2023', 3375),
(13070, 'E.24', 7, '2023', 776),
(13071, 'E.25', 7, '2023', 4068),
(13072, 'E.26', 7, '2023', 1783),
(13073, 'E.3A', 7, '2023', 1042),
(13074, 'E.3B', 7, '2023', 606),
(13075, 'E.5A', 7, '2023', 1012),
(13076, 'E.5B', 7, '2023', 3023),
(13077, 'E.6', 7, '2023', 1533),
(13078, 'E.7A', 7, '2023', 1185),
(13079, 'E.7B', 7, '2023', 9704),
(13080, 'E.8', 7, '2023', 2933),
(13081, 'E.9A', 7, '2023', 3662),
(13082, 'E.9B', 7, '2023', 678),
(13083, 'E.9C', 7, '2023', 0),
(13084, 'F.10', 7, '2023', 3113),
(13085, 'F.11', 7, '2023', 2322),
(13086, 'F.12A', 7, '2023', 1133),
(13087, 'F.12B', 7, '2023', 162),
(13088, 'F.14', 7, '2023', 673),
(13089, 'F.15', 7, '2023', 247),
(13090, 'F.2', 7, '2023', 1062),
(13091, 'F.3A', 7, '2023', 1663),
(13092, 'F.3B', 7, '2023', 1902),
(13093, 'F.5', 7, '2023', 452),
(13094, 'F.6', 7, '2023', 1270),
(13095, 'F.7', 7, '2023', 2276),
(13096, 'F.8', 7, '2023', 1052),
(13097, 'F.9', 7, '2023', 2787),
(13098, 'G.1', 7, '2023', 1),
(13099, 'G.2', 7, '2023', 1485),
(13100, 'G.3', 7, '2023', 247),
(13101, 'A.1', 8, '2023', 4246),
(13102, 'A.10.11', 8, '2023', 4472),
(13103, 'A.12.13', 8, '2023', 5486),
(13104, 'A.14.15', 8, '2023', 1641),
(13105, 'A.16', 8, '2023', 50),
(13106, 'A.17', 8, '2023', 1734),
(13107, 'A.18', 8, '2023', 2069),
(13108, 'A.19', 8, '2023', 162),
(13109, 'A.2', 8, '2023', 847),
(13110, 'A.20', 8, '2023', 3244),
(13111, 'A.21', 8, '2023', 864),
(13112, 'A.23', 8, '2023', 456),
(13113, 'A.24', 8, '2023', 9),
(13114, 'A.3', 8, '2023', 2628),
(13115, 'A.4.5', 8, '2023', 3972),
(13116, 'A.8.9', 8, '2023', 434),
(13117, 'B.1', 8, '2023', 1486),
(13118, 'B.10', 8, '2023', 1830),
(13119, 'B.11', 8, '2023', 2869),
(13120, 'B.12', 8, '2023', 3346),
(13121, 'B.2', 8, '2023', 3925),
(13122, 'B.3', 8, '2023', 271),
(13123, 'B.4', 8, '2023', 2035),
(13124, 'B.5', 8, '2023', 2254),
(13125, 'B.6', 8, '2023', 1169),
(13126, 'B.8', 8, '2023', 2403),
(13127, 'B.9', 8, '2023', 2630),
(13128, 'B2.1', 8, '2023', 23),
(13129, 'B2.10', 8, '2023', 30),
(13130, 'B2.12A', 8, '2023', 274),
(13131, 'B2.16', 8, '2023', 3956),
(13132, 'B2.2', 8, '2023', 4208),
(13133, 'B2.3', 8, '2023', 1840),
(13134, 'B2.4', 8, '2023', 1359),
(13135, 'B2.5', 8, '2023', 865),
(13136, 'B2.6', 8, '2023', 2630),
(13137, 'B2.7', 8, '2023', 157),
(13138, 'B2.8', 8, '2023', 1),
(13139, 'B2.9', 8, '2023', 2542),
(13140, 'BA.1', 8, '2023', 11937),
(13141, 'BA.10', 8, '2023', 5175),
(13142, 'BA.11', 8, '2023', 1737),
(13143, 'BA.12A', 8, '2023', 1),
(13144, 'BA.12B', 8, '2023', 3330),
(13145, 'BA.14', 8, '2023', 117),
(13146, 'BA.16', 8, '2023', 5602),
(13147, 'BA.17', 8, '2023', 2658),
(13148, 'BA.18', 8, '2023', 3752),
(13149, 'BA.19', 8, '2023', 1394),
(13150, 'BA.2', 8, '2023', 957),
(13151, 'BA.20', 8, '2023', 155),
(13152, 'BA.21', 8, '2023', 3532),
(13153, 'BA.22', 8, '2023', 4547),
(13154, 'BA.23', 8, '2023', 3557),
(13155, 'BA.24', 8, '2023', 773),
(13156, 'BA.25', 8, '2023', 343),
(13157, 'BA.26', 8, '2023', 60),
(13158, 'BA.27', 8, '2023', 84),
(13159, 'BA.28', 8, '2023', 1978),
(13160, 'BA.29', 8, '2023', 1677),
(13161, 'BA.30', 8, '2023', 1),
(13162, 'BA.31', 8, '2023', 729),
(13163, 'BA.32a.36a', 8, '2023', 972),
(13164, 'BA.32b', 8, '2023', 3331),
(13165, 'BA.33A', 8, '2023', 825),
(13166, 'BA.33B', 8, '2023', 2951),
(13167, 'BA.34', 8, '2023', 3477),
(13168, 'BA.35', 8, '2023', 4982),
(13169, 'BA.36b', 8, '2023', 2823),
(13170, 'BA.37A', 8, '2023', 1963),
(13171, 'BA.37B', 8, '2023', 1484),
(13172, 'BA.38', 8, '2023', 3293),
(13173, 'BA.39', 8, '2023', 889),
(13174, 'BA.3A', 8, '2023', 2830),
(13175, 'BA.3b', 8, '2023', 4049),
(13176, 'BA.40', 8, '2023', 562),
(13177, 'BA.41', 8, '2023', 3342),
(13178, 'BA.42', 8, '2023', 898),
(13179, 'BA.43', 8, '2023', 932),
(13180, 'BA.44', 8, '2023', 4787),
(13181, 'BA.45', 8, '2023', 106),
(13182, 'BA.46', 8, '2023', 4227),
(13183, 'BA.47', 8, '2023', 610),
(13184, 'BA.48', 8, '2023', 472),
(13185, 'BA.49', 8, '2023', 843),
(13186, 'BA.5', 8, '2023', 4617),
(13187, 'BA.50', 8, '2023', 1748),
(13188, 'BA.51', 8, '2023', 4342),
(13189, 'BA.52', 8, '2023', 1494),
(13190, 'BA.53', 8, '2023', 3593),
(13191, 'BA.54', 8, '2023', 194),
(13192, 'BA.55', 8, '2023', 3235),
(13193, 'BA.56', 8, '2023', 2334),
(13194, 'BA.57', 8, '2023', 3201),
(13195, 'BA.58', 8, '2023', 2372),
(13196, 'BA.59', 8, '2023', 521),
(13197, 'BA.6', 8, '2023', 1329),
(13198, 'BA.60', 8, '2023', 226),
(13199, 'BA.7', 8, '2023', 1791),
(13200, 'BA.8', 8, '2023', 6786),
(13201, 'BA.9', 8, '2023', 596),
(13202, 'C.1', 8, '2023', 60),
(13203, 'C.10', 8, '2023', 1),
(13204, 'C.11', 8, '2023', 2910),
(13205, 'C.12', 8, '2023', 150),
(13206, 'C.12AB', 8, '2023', 1349),
(13207, 'C.15', 8, '2023', 2806),
(13208, 'C.16', 8, '2023', 2481),
(13209, 'C.17', 8, '2023', 1625),
(13210, 'C.2', 8, '2023', 3307),
(13211, 'C.3', 8, '2023', 1980),
(13212, 'C.4', 8, '2023', 2789),
(13213, 'C.5', 8, '2023', 98),
(13214, 'C.6', 8, '2023', 3592),
(13215, 'C.7', 8, '2023', 3075),
(13216, 'C.7A', 8, '2023', 763),
(13217, 'C.7B', 8, '2023', 4384),
(13218, 'C.8', 8, '2023', 454),
(13219, 'C.9', 8, '2023', 1073),
(13220, 'D1.10.11', 8, '2023', 5712),
(13221, 'D1.12', 8, '2023', 3233),
(13222, 'D1.12A', 8, '2023', 4556),
(13223, 'D1.14', 8, '2023', 2188),
(13224, 'D1.15.16', 8, '2023', 219),
(13225, 'D1.17', 8, '2023', 8588),
(13226, 'D1.18', 8, '2023', 1503),
(13227, 'D1.19', 8, '2023', 4735),
(13228, 'D1.2', 8, '2023', 877),
(13229, 'D1.20', 8, '2023', 2089),
(13230, 'D1.3', 8, '2023', 1791),
(13231, 'D1.4', 8, '2023', 0),
(13232, 'D1.5', 8, '2023', 4333),
(13233, 'D1.6', 8, '2023', 1290),
(13234, 'D1.7', 8, '2023', 2898),
(13235, 'D1.8', 8, '2023', 8358),
(13236, 'D1.9', 8, '2023', 3358),
(13237, 'D2 24 ', 8, '2023', 4700),
(13238, 'D2.1', 8, '2023', 8117),
(13239, 'D2.10', 8, '2023', 5611),
(13240, 'D2.11', 8, '2023', 795),
(13241, 'D2.12', 8, '2023', 2620),
(13242, 'D2.12A', 8, '2023', 1405),
(13243, 'D2.14', 8, '2023', 2288),
(13244, 'D2.15', 8, '2023', 1204),
(13245, 'D2.16', 8, '2023', 2402),
(13246, 'D2.17', 8, '2023', 2072),
(13247, 'D2.18', 8, '2023', 1763),
(13248, 'D2.19', 8, '2023', 172),
(13249, 'D2.2', 8, '2023', 5712),
(13250, 'D2.20', 8, '2023', 3519),
(13251, 'D2.21.22', 8, '2023', 574),
(13252, 'D2.23', 8, '2023', 0),
(13253, 'D2.27', 8, '2023', 3309),
(13254, 'D2.28', 8, '2023', 1980),
(13255, 'D2.29', 8, '2023', 1687),
(13256, 'D2.30', 8, '2023', 542),
(13257, 'D2.31', 8, '2023', 44),
(13258, 'D2.32', 8, '2023', 3827),
(13259, 'D2.3A', 8, '2023', 5086),
(13260, 'D2.3B', 8, '2023', 4600),
(13261, 'D2.5', 8, '2023', 7557),
(13262, 'D2.6', 8, '2023', 2132),
(13263, 'D2.9', 8, '2023', 8754),
(13264, 'D3.1', 8, '2023', 2978),
(13265, 'D3.10', 8, '2023', 764),
(13266, 'D3.11', 8, '2023', 302),
(13267, 'D3.12A', 8, '2023', 1188),
(13268, 'D3.12B', 8, '2023', 2583),
(13269, 'D3.14', 8, '2023', 2398),
(13270, 'D3.15', 8, '2023', 2070),
(13271, 'D3.16', 8, '2023', 1902),
(13272, 'D3.17', 8, '2023', 2781),
(13273, 'D3.18', 8, '2023', 6037),
(13274, 'D3.19', 8, '2023', 5499),
(13275, 'D3.2', 8, '2023', 899),
(13276, 'D3.20', 8, '2023', 3799),
(13277, 'D3.21', 8, '2023', 2845),
(13278, 'D3.22', 8, '2023', 3880),
(13279, 'D3.23', 8, '2023', 804),
(13280, 'D3.24', 8, '2023', 1464),
(13281, 'D3.25', 8, '2023', 1488),
(13282, 'D3.26', 8, '2023', 1468),
(13283, 'D3.27', 8, '2023', 2995),
(13284, 'D3.28.29', 8, '2023', 59),
(13285, 'D3.30', 8, '2023', 1079),
(13286, 'D3.31', 8, '2023', 4099),
(13287, 'D3.3A', 8, '2023', 1242),
(13288, 'D3.5', 8, '2023', 3229),
(13289, 'D3.6', 8, '2023', 1599),
(13290, 'D3.7', 8, '2023', 698),
(13291, 'D3.8', 8, '2023', 1294),
(13292, 'D3.9', 8, '2023', 1623),
(13293, 'D4.11', 8, '2023', 200),
(13294, 'D4.12', 8, '2023', 390),
(13295, 'D4.13', 8, '2023', 2130),
(13296, 'D4.15', 8, '2023', 1613),
(13297, 'D4.16', 8, '2023', 1442),
(13298, 'D4.17', 8, '2023', 694),
(13299, 'D4.18', 8, '2023', 1728),
(13300, 'D4.19', 8, '2023', 3891),
(13301, 'D4.2', 8, '2023', 1087),
(13302, 'D4.20', 8, '2023', 3888),
(13303, 'D4.21', 8, '2023', 1813),
(13304, 'D4.22', 8, '2023', 1713),
(13305, 'D4.23', 8, '2023', 730),
(13306, 'D4.24', 8, '2023', 1303),
(13307, 'D4.25', 8, '2023', 1154),
(13308, 'D4.26', 8, '2023', 1),
(13309, 'D4.27', 8, '2023', 1439),
(13310, 'D4.28', 8, '2023', 1623),
(13311, 'D4.29', 8, '2023', 2881),
(13312, 'D4.3', 8, '2023', 2291),
(13313, 'D4.30', 8, '2023', 2545),
(13314, 'D4.31', 8, '2023', 933),
(13315, 'D4.4', 8, '2023', 1337),
(13316, 'D4.5', 8, '2023', 675),
(13317, 'D4.6', 8, '2023', 1593),
(13318, 'D4.9', 8, '2023', 653),
(13319, 'E.1', 8, '2023', 2365),
(13320, 'E.10', 8, '2023', 108),
(13321, 'E.11', 8, '2023', 1970),
(13322, 'E.12A', 8, '2023', 2773),
(13323, 'E.12B', 8, '2023', 1),
(13324, 'E.14', 8, '2023', 1),
(13325, 'E.16', 8, '2023', 4107),
(13326, 'E.17', 8, '2023', 4876),
(13327, 'E.18', 8, '2023', 2128),
(13328, 'E.19', 8, '2023', 3111),
(13329, 'E.2', 8, '2023', 2695),
(13330, 'E.21', 8, '2023', 305),
(13331, 'E.22', 8, '2023', 1557),
(13332, 'E.23', 8, '2023', 3375),
(13333, 'E.24', 8, '2023', 810),
(13334, 'E.25', 8, '2023', 4071),
(13335, 'E.26', 8, '2023', 1800),
(13336, 'E.3A', 8, '2023', 1042),
(13337, 'E.3B', 8, '2023', 606),
(13338, 'E.5A', 8, '2023', 1021),
(13339, 'E.5B', 8, '2023', 3043),
(13340, 'E.6', 8, '2023', 1589),
(13341, 'E.7A', 8, '2023', 1206),
(13342, 'E.7B', 8, '2023', 9740),
(13343, 'E.8', 8, '2023', 2858),
(13344, 'E.9A', 8, '2023', 3668),
(13345, 'E.9B', 8, '2023', 679),
(13346, 'E.9C', 8, '2023', 0),
(13347, 'F.10', 8, '2023', 3118),
(13348, 'F.11', 8, '2023', 2334),
(13349, 'F.12A', 8, '2023', 1149),
(13350, 'F.12B', 8, '2023', 172),
(13351, 'F.14', 8, '2023', 674),
(13352, 'F.15', 8, '2023', 247),
(13353, 'F.2', 8, '2023', 1081),
(13354, 'F.3A', 8, '2023', 1677),
(13355, 'F.3B', 8, '2023', 1931),
(13356, 'F.5', 8, '2023', 452),
(13357, 'F.6', 8, '2023', 1280),
(13358, 'F.7', 8, '2023', 2287),
(13359, 'F.8', 8, '2023', 1065),
(13360, 'F.9', 8, '2023', 2787),
(13361, 'G.1', 8, '2023', 1),
(13362, 'G.2', 8, '2023', 1489),
(13363, 'G.3', 8, '2023', 260),
(13364, 'A.1', 9, '2023', 4246),
(13365, 'A.10.11', 9, '2023', 4490),
(13366, 'A.12.13', 9, '2023', 5506),
(13367, 'A.14.15', 9, '2023', 1657),
(13368, 'A.16', 9, '2023', 55),
(13369, 'A.17', 9, '2023', 1749),
(13370, 'A.18', 9, '2023', 2111),
(13371, 'A.19', 9, '2023', 184),
(13372, 'A.2', 9, '2023', 847),
(13373, 'A.20', 9, '2023', 3249),
(13374, 'A.21', 9, '2023', 876),
(13375, 'A.23', 9, '2023', 477),
(13376, 'A.24', 9, '2023', 9),
(13377, 'A.3', 9, '2023', 2628),
(13378, 'A.4.5', 9, '2023', 3981),
(13379, 'A.8.9', 9, '2023', 451),
(13380, 'B.1', 9, '2023', 1492),
(13381, 'B.10', 9, '2023', 6981),
(13382, 'B.11', 9, '2023', 2869),
(13383, 'B.12', 9, '2023', 3362),
(13384, 'B.2', 9, '2023', 3956),
(13385, 'B.3', 9, '2023', 282),
(13386, 'B.4', 9, '2023', 2063),
(13387, 'B.5', 9, '2023', 2261),
(13388, 'B.6', 9, '2023', 1196),
(13389, 'B.8', 9, '2023', 2403),
(13390, 'B.9', 9, '2023', 2658),
(13391, 'B2.1', 9, '2023', 0),
(13392, 'B2.10', 9, '2023', 30),
(13393, 'B2.12A', 9, '2023', 274),
(13394, 'B2.16', 9, '2023', 0),
(13395, 'B2.2', 9, '2023', 4221),
(13396, 'B2.3', 9, '2023', 1840),
(13397, 'B2.4', 9, '2023', 1359),
(13398, 'B2.5', 9, '2023', 866),
(13399, 'B2.6', 9, '2023', 2630),
(13400, 'B2.7', 9, '2023', 157),
(13401, 'B2.8', 9, '2023', 1),
(13402, 'B2.9', 9, '2023', 9),
(13403, 'BA.1', 9, '2023', 12011),
(13404, 'BA.10', 9, '2023', 5384),
(13405, 'BA.11', 9, '2023', 1737),
(13406, 'BA.12A', 9, '2023', 1),
(13407, 'BA.12B', 9, '2023', 3335),
(13408, 'BA.14', 9, '2023', 132),
(13409, 'BA.16', 9, '2023', 5654),
(13410, 'BA.17', 9, '2023', 2662),
(13411, 'BA.18', 9, '2023', 3773),
(13412, 'BA.19', 9, '2023', 1393),
(13413, 'BA.2', 9, '2023', 962),
(13414, 'BA.20', 9, '2023', 166),
(13415, 'BA.21', 9, '2023', 3568),
(13416, 'BA.22', 9, '2023', 4588),
(13417, 'BA.23', 9, '2023', 3658),
(13418, 'BA.24', 9, '2023', 773),
(13419, 'BA.25', 9, '2023', 366),
(13420, 'BA.26', 9, '2023', 60),
(13421, 'BA.27', 9, '2023', 97),
(13422, 'BA.28', 9, '2023', 2006),
(13423, 'BA.29', 9, '2023', 1699),
(13424, 'BA.30', 9, '2023', 1),
(13425, 'BA.31', 9, '2023', 729),
(13426, 'BA.32a.36a', 9, '2023', 1026),
(13427, 'BA.32b', 9, '2023', 3356),
(13428, 'BA.33A', 9, '2023', 825),
(13429, 'BA.33B', 9, '2023', 2962),
(13430, 'BA.34', 9, '2023', 3512),
(13431, 'BA.35', 9, '2023', 5029),
(13432, 'BA.36b', 9, '2023', 2830),
(13433, 'BA.37A', 9, '2023', 1980),
(13434, 'BA.37B', 9, '2023', 1498),
(13435, 'BA.38', 9, '2023', 3311),
(13436, 'BA.39', 9, '2023', 1001),
(13437, 'BA.3A', 9, '2023', 2847),
(13438, 'BA.3b', 9, '2023', 4055),
(13439, 'BA.40', 9, '2023', 562),
(13440, 'BA.41', 9, '2023', 3362),
(13441, 'BA.42', 9, '2023', 898),
(13442, 'BA.43', 9, '2023', 982),
(13443, 'BA.44', 9, '2023', 4825),
(13444, 'BA.45', 9, '2023', 107),
(13445, 'BA.46', 9, '2023', 4227),
(13446, 'BA.47', 9, '2023', 625),
(13447, 'BA.48', 9, '2023', 472),
(13448, 'BA.49', 9, '2023', 846),
(13449, 'BA.5', 9, '2023', 4635),
(13450, 'BA.50', 9, '2023', 1839),
(13451, 'BA.51', 9, '2023', 4363),
(13452, 'BA.52', 9, '2023', 1494),
(13453, 'BA.53', 9, '2023', 3624),
(13454, 'BA.54', 9, '2023', 204),
(13455, 'BA.55', 9, '2023', 3236),
(13456, 'BA.56', 9, '2023', 2355),
(13457, 'BA.57', 9, '2023', 3212),
(13458, 'BA.58', 9, '2023', 2399),
(13459, 'BA.59', 9, '2023', 521),
(13460, 'BA.6', 9, '2023', 1337),
(13461, 'BA.60', 9, '2023', 244),
(13462, 'BA.7', 9, '2023', 1818),
(13463, 'BA.8', 9, '2023', 6838),
(13464, 'BA.9', 9, '2023', 604),
(13465, 'C.1', 9, '2023', 70),
(13466, 'C.10', 9, '2023', 1),
(13467, 'C.11', 9, '2023', 2910),
(13468, 'C.12', 9, '2023', 157),
(13469, 'C.12AB', 9, '2023', 1352),
(13470, 'C.15', 9, '2023', 2608),
(13471, 'C.16', 9, '2023', 2484),
(13472, 'C.17', 9, '2023', 1638),
(13473, 'C.2', 9, '2023', 3319),
(13474, 'C.3', 9, '2023', 1980),
(13475, 'C.4', 9, '2023', 2792),
(13476, 'C.5', 9, '2023', 98),
(13477, 'C.6', 9, '2023', 3611),
(13478, 'C.7', 9, '2023', 3082),
(13479, 'C.7A', 9, '2023', 763),
(13480, 'C.7B', 9, '2023', 4412),
(13481, 'C.8', 9, '2023', 454),
(13482, 'C.9', 9, '2023', 1073),
(13483, 'D1.10.11', 9, '2023', 5728),
(13484, 'D1.12', 9, '2023', 3248),
(13485, 'D1.12A', 9, '2023', 4570),
(13486, 'D1.14', 9, '2023', 2197),
(13487, 'D1.15.16', 9, '2023', 235),
(13488, 'D1.17', 9, '2023', 8588),
(13489, 'D1.18', 9, '2023', 1536),
(13490, 'D1.19', 9, '2023', 4794),
(13491, 'D1.2', 9, '2023', 0),
(13492, 'D1.20', 9, '2023', 2111),
(13493, 'D1.3', 9, '2023', 1797),
(13494, 'D1.4', 9, '2023', 0),
(13495, 'D1.5', 9, '2023', 4347),
(13496, 'D1.6', 9, '2023', 1290),
(13497, 'D1.7', 9, '2023', 0),
(13498, 'D1.8', 9, '2023', 8378),
(13499, 'D1.9', 9, '2023', 3371),
(13500, 'D2 24 ', 9, '2023', 4709),
(13501, 'D2.1', 9, '2023', 8162),
(13502, 'D2.10', 9, '2023', 5637),
(13503, 'D2.11', 9, '2023', 795),
(13504, 'D2.12', 9, '2023', 2639),
(13505, 'D2.12A', 9, '2023', 1418),
(13506, 'D2.14', 9, '2023', 2312),
(13507, 'D2.15', 9, '2023', 1215),
(13508, 'D2.16', 9, '2023', 0),
(13509, 'D2.17', 9, '2023', 2101),
(13510, 'D2.18', 9, '2023', 1770),
(13511, 'D2.19', 9, '2023', 178),
(13512, 'D2.2', 9, '2023', 5715),
(13513, 'D2.20', 9, '2023', 3529),
(13514, 'D2.21.22', 9, '2023', 686),
(13515, 'D2.23', 9, '2023', 0),
(13516, 'D2.27', 9, '2023', 3329),
(13517, 'D2.28', 9, '2023', 1980),
(13518, 'D2.29', 9, '2023', 1676),
(13519, 'D2.30', 9, '2023', 547),
(13520, 'D2.31', 9, '2023', 54),
(13521, 'D2.32', 9, '2023', 3842),
(13522, 'D2.3A', 9, '2023', 5118),
(13523, 'D2.3B', 9, '2023', 19),
(13524, 'D2.5', 9, '2023', 7872),
(13525, 'D2.6', 9, '2023', 2161),
(13526, 'D2.9', 9, '2023', 8764),
(13527, 'D3.1', 9, '2023', 8823),
(13528, 'D3.10', 9, '2023', 775),
(13529, 'D3.11', 9, '2023', 312),
(13530, 'D3.12A', 9, '2023', 1212),
(13531, 'D3.12B', 9, '2023', 2621),
(13532, 'D3.14', 9, '2023', 2426),
(13533, 'D3.15', 9, '2023', 2084),
(13534, 'D3.16', 9, '2023', 1923),
(13535, 'D3.17', 9, '2023', 2786),
(13536, 'D3.18', 9, '2023', 6073),
(13537, 'D3.19', 9, '2023', 5499),
(13538, 'D3.2', 9, '2023', 903),
(13539, 'D3.20', 9, '2023', 3822),
(13540, 'D3.21', 9, '2023', 0),
(13541, 'D3.22', 9, '2023', 3887),
(13542, 'D3.23', 9, '2023', 804),
(13543, 'D3.24', 9, '2023', 1464),
(13544, 'D3.25', 9, '2023', 1502),
(13545, 'D3.26', 9, '2023', 1484),
(13546, 'D3.27', 9, '2023', 3012),
(13547, 'D3.28.29', 9, '2023', 59),
(13548, 'D3.30', 9, '2023', 1079),
(13549, 'D3.31', 9, '2023', 4114),
(13550, 'D3.3A', 9, '2023', 1250),
(13551, 'D3.5', 9, '2023', 3250),
(13552, 'D3.6', 9, '2023', 1599),
(13553, 'D3.7', 9, '2023', 717),
(13554, 'D3.8', 9, '2023', 1299),
(13555, 'D3.9', 9, '2023', 1642),
(13556, 'D4.11', 9, '2023', 200),
(13557, 'D4.12', 9, '2023', 396),
(13558, 'D4.13', 9, '2023', 0),
(13559, 'D4.15', 9, '2023', 1618),
(13560, 'D4.16', 9, '2023', 1444),
(13561, 'D4.17', 9, '2023', 695),
(13562, 'D4.18', 9, '2023', 1729),
(13563, 'D4.19', 9, '2023', 3898),
(13564, 'D4.2', 9, '2023', 1101),
(13565, 'D4.20', 9, '2023', 3898),
(13566, 'D4.21', 9, '2023', 1812),
(13567, 'D4.22', 9, '2023', 1725),
(13568, 'D4.23', 9, '2023', 730),
(13569, 'D4.24', 9, '2023', 1322),
(13570, 'D4.25', 9, '2023', 1159),
(13571, 'D4.26', 9, '2023', 1),
(13572, 'D4.27', 9, '2023', 1455),
(13573, 'D4.28', 9, '2023', 1623),
(13574, 'D4.29', 9, '2023', 2892),
(13575, 'D4.3', 9, '2023', 2307),
(13576, 'D4.30', 9, '2023', 2549),
(13577, 'D4.31', 9, '2023', 937),
(13578, 'D4.4', 9, '2023', 1341),
(13579, 'D4.5', 9, '2023', 687),
(13580, 'D4.6', 9, '2023', 1607),
(13581, 'D4.9', 9, '2023', 653),
(13582, 'E.1', 9, '2023', 2367),
(13583, 'E.10', 9, '2023', 108),
(13584, 'E.11', 9, '2023', 1980),
(13585, 'E.12A', 9, '2023', 2773),
(13586, 'E.12B', 9, '2023', 1),
(13587, 'E.14', 9, '2023', 1),
(13588, 'E.16', 9, '2023', 4131),
(13589, 'E.17', 9, '2023', 4883),
(13590, 'E.18', 9, '2023', 2194),
(13591, 'E.19', 9, '2023', 3133),
(13592, 'E.2', 9, '2023', 2700),
(13593, 'E.21', 9, '2023', 305),
(13594, 'E.22', 9, '2023', 4572),
(13595, 'E.23', 9, '2023', 3375),
(13596, 'E.24', 9, '2023', 836),
(13597, 'E.25', 9, '2023', 4087),
(13598, 'E.26', 9, '2023', 1814),
(13599, 'E.3A', 9, '2023', 1042),
(13600, 'E.3B', 9, '2023', 606),
(13601, 'E.5A', 9, '2023', 1026),
(13602, 'E.5B', 9, '2023', 3061),
(13603, 'E.6', 9, '2023', 1633),
(13604, 'E.7A', 9, '2023', 1213),
(13605, 'E.7B', 9, '2023', 9147),
(13606, 'E.8', 9, '2023', 2983),
(13607, 'E.9A', 9, '2023', 3671),
(13608, 'E.9B', 9, '2023', 679),
(13609, 'E.9C', 9, '2023', 0),
(13610, 'F.10', 9, '2023', 3118),
(13611, 'F.11', 9, '2023', 2354),
(13612, 'F.12A', 9, '2023', 1160),
(13613, 'F.12B', 9, '2023', 182),
(13614, 'F.14', 9, '2023', 674),
(13615, 'F.15', 9, '2023', 247),
(13616, 'F.2', 9, '2023', 1116),
(13617, 'F.3A', 9, '2023', 1688),
(13618, 'F.3B', 9, '2023', 1953),
(13619, 'F.5', 9, '2023', 462),
(13620, 'F.6', 9, '2023', 1311),
(13621, 'F.7', 9, '2023', 2297),
(13622, 'F.8', 9, '2023', 1077),
(13623, 'F.9', 9, '2023', 2787),
(13624, 'G.1', 9, '2023', 1),
(13625, 'G.2', 9, '2023', 1489),
(13626, 'G.3', 9, '2023', 268);

-- --------------------------------------------------------

--
-- Struktur dari tabel `rumah`
--

CREATE TABLE `rumah` (
  `idrumah` varchar(50) NOT NULL DEFAULT '',
  `nama` varchar(50) DEFAULT NULL,
  `no_rumah` varchar(50) DEFAULT NULL,
  `rt` varchar(50) DEFAULT NULL,
  `status` int(11) DEFAULT NULL,
  `no_telp` varchar(50) NOT NULL DEFAULT ''
) ENGINE=InnoDB DEFAULT CHARSET=utf8;

--
-- Dumping data untuk tabel `rumah`
--

INSERT INTO `rumah` (`idrumah`, `nama`, `no_rumah`, `rt`, `status`, `no_telp`) VALUES
('A.1', 'Sigit Yuda Hernawan', '0', '0', 1, '0'),
('A.10.11', 'Firman Canra', '0', '0', 3, '0'),
('A.12.13', 'Arus Horizon', '0', '0', 3, '0'),
('A.14.15', 'H.Haidir Latif', '0', '0', 1, '0'),
('A.16', 'M.Baharuddin D', '0', '0', 1, '0'),
('A.17', 'Istiqomah', '0', '0', 1, '0'),
('A.18', 'Endhi Agus W', '0', '0', 1, '0'),
('A.19', 'Wahyudi Agung', '0', '0', 1, '0'),
('A.2', 'Kusna Rochiman', '0', '0', 5, '0'),
('A.20', 'SUGENG', '0', '0', 1, '0'),
('A.21', 'Wahyu Nurrahman', '0', '0', 1, '0'),
('A.23', 'Ir Daryono', '0', '0', 1, '0'),
('A.24', '-', '0', '0', 1, '0'),
('A.3', 'Hadi Rusman', '0', '0', 3, '0'),
('A.4.5', 'Yugo Hastomo', '0', '0', 3, '0'),
('A.8.9', 'Taukhid W', '0', '0', 1, '0'),
('B.1', 'Bani Nugroho', '0', '0', 1, '0'),
('B.10', 'Edy Priyanto SKM', '0', '0', 3, '0'),
('B.11', 'Harjono', '0', '0', 1, '0'),
('B.12', 'LILI ADRIANI P', '0', '0', 3, '0'),
('B.2', 'Ahmad Fauzy', '0', '0', 1, '0'),
('B.3', 'Sasmito Purwanto', '0', '0', 3, '0'),
('B.4', 'Iskandar Zulkarnaen', '0', '0', 3, '0'),
('B.5', 'Yuwono', '0', '0', 1, '0'),
('B.6', 'Widya Laksmita', '0', '0', 3, '0'),
('B.8', 'Helmi Setiawan', '0', '0', 3, '0'),
('B.9', 'Hendrias Eko  B', '0', '0', 3, '0'),
('B2.1', 'Kirna', '0', '0', 1, '0'),
('B2.10', 'Mahmudah', '0', '0', 3, '0'),
('B2.12A', 'Nugroho In Saputro', '0', '0', 1, '0'),
('B2.16', 'Muktiono', '0', '0', 1, '0'),
('B2.2', 'Nugroho Mulyo', '0', '0', 3, '0'),
('B2.3', 'Oktri', '0', '0', 3, '0'),
('B2.4', 'Pandu', '0', '0', 3, '0'),
('B2.5', 'Panca Bayu P.', '0', '0', 3, '0'),
('B2.6', 'Aditya A.', '0', '0', 1, '0'),
('B2.7', 'Agus  Winarto', '0', '0', 3, '0'),
('B2.8', 'Edi Marlen', '0', '0', 3, '0'),
('B2.9', 'Nurwati', '0', '0', 3, '0'),
('BA.1', 'Prayetno', '0', '0', 1, '0'),
('BA.10', 'Wahyu', '0', '0', 1, '0'),
('BA.11', 'Reza ', '0', '0', 1, '0'),
('BA.12A', 'Daduk', '0', '0', 1, '0'),
('BA.12B', 'Ari Wibowo', '0', '0', 1, '0'),
('BA.14', 'Kusharyanto', '0', '0', 1, '0'),
('BA.16', 'Taufik  Purbantoro', '0', '0', 1, '0'),
('BA.17', 'Nanik Ismani', '0', '0', 1, '0'),
('BA.18', 'Sukimin', '0', '0', 3, '0'),
('BA.19', 'Taufik Aris', '0', '0', 1, '0'),
('BA.2', 'AW Budi utama', '0', '0', 3, '0'),
('BA.20', 'Agus barina', '0', '0', 1, '0'),
('BA.21', 'Eka Setiawan', '0', '0', 1, '0'),
('BA.22', 'Agus Hariadi', '0', '0', 1, '0'),
('BA.23', 'David  Anwar', '0', '0', 1, '0'),
('BA.24', 'Nurcahyani', '0', '0', 3, '0'),
('BA.25', 'Wahyudi  A', '0', '0', 1, '0'),
('BA.26', 'Nur Huda', '0', '0', 3, '0'),
('BA.27', 'Aziz Rifai', '0', '0', 1, '0'),
('BA.28', 'DENNY', '0', '0', 3, '0'),
('BA.29', 'Marul N', '0', '0', 3, '0'),
('BA.30', 'Aries', '0', '0', 3, '0'),
('BA.31', 'IGDE Parta Wirawan ', '0', '0', 1, '0'),
('BA.32a.36a', 'Kartono', '0', '0', 1, '0'),
('BA.32b', 'Adhikara', '0', '0', 1, '0'),
('BA.33A', 'M. Ashyari', '0', '0', 5, '0'),
('BA.33B', 'Danu S.', '0', '0', 3, '0'),
('BA.34', 'TOMAS', '0', '0', 1, '0'),
('BA.35', 'Bambang Sutrisno', '0', '0', 1, '0'),
('BA.36b', 'Nuraini Ratri', '0', '0', 3, '0'),
('BA.37A', 'Sarjito', '0', '0', 3, '0'),
('BA.37B', 'Samgar', '0', '0', 3, '0'),
('BA.38', 'Yogi', '0', '0', 1, '0'),
('BA.39', 'Budi Santoso', '0', '0', 1, '0'),
('BA.3A', 'Mila', '0', '0', 3, '0'),
('BA.3b', 'Hendro budiyanto', '0', '0', 1, '0'),
('BA.40', 'Alex Jursan', '0', '0', 3, '0'),
('BA.41', 'Ardi Sindu Ut', '0', '0', 1, '0'),
('BA.42', 'Nanda', '0', '0', 3, '0'),
('BA.43', 'Tony Santiko', '0', '0', 1, '0'),
('BA.44', 'Budi Widarto', '0', '0', 1, '0'),
('BA.45', 'Erwin koto', '0', '0', 1, '0'),
('BA.46', 'Drajat Setiyawan', '0', '0', 3, '0'),
('BA.47', 'Hera Susanti', '0', '0', 3, '0'),
('BA.48', 'Nanang', '0', '0', 1, '0'),
('BA.49', 'Ardha', '0', '0', 1, '0'),
('BA.5', 'Fitri ', '0', '0', 1, '0'),
('BA.50', 'Puji Tri Hartanto', '0', '0', 3, '0'),
('BA.51', 'Panji', '0', '0', 1, '0'),
('BA.52', 'Gunawan Setyo budi', '0', '0', 3, '0'),
('BA.53', 'Jatmiko', '0', '0', 1, '0'),
('BA.54', 'Maryoko', '0', '0', 1, '0'),
('BA.55', 'Ninik', '0', '0', 1, '0'),
('BA.56', 'Ari Bramono', '0', '0', 1, '0'),
('BA.57', 'Igna Sofa', '0', '0', 3, '0'),
('BA.58', 'Teguh S.', '0', '0', 3, '0'),
('BA.59', 'Teguh S.', '0', '0', 1, '0'),
('BA.6', 'Esty M', '0', '0', 1, '0'),
('BA.60', 'Andi ', '0', '0', 1, '0'),
('BA.7', 'Rizqi Satria N', '0', '0', 1, '0'),
('BA.8', 'Siswanto', '0', '0', 1, '0'),
('BA.9', 'Ahmad Syarif', '0', '0', 1, '0'),
('C.1', 'Zahra Anshar', '0', '0', 1, '0'),
('C.10', 'Agus Widodo, SH', '0', '0', 1, '0'),
('C.11', 'Endhi P', '0', '0', 3, '0'),
('C.12', 'Heni Trisnawati', '0', '0', 1, '0'),
('C.12AB', 'Bulan Prabawani', '0', '0', 1, '0'),
('C.15', 'Faried z', '0', '0', 3, '0'),
('C.16', 'Wahyu', '0', '0', 1, '0'),
('C.17', 'Laila', '0', '0', 1, '0'),
('C.2', 'Dwi  Yosinta', '0', '0', 3, '0'),
('C.3', 'Sujiran', '0', '0', 3, '0'),
('C.4', 'Rosida', '0', '0', 3, '0'),
('C.5', 'Paulus Nanda Wijaya', '0', '0', 1, '0'),
('C.6', 'Farikhin', '0', '0', 1, '0'),
('C.7', 'Ardhi Firmanto', '0', '0', 3, '0'),
('C.7A', 'Edwerd', '0', '0', 1, '0'),
('C.7B', 'Sarwanto Durjat', '0', '0', 3, '0'),
('C.8', 'ANNISA', '0', '0', 5, '0'),
('C.9', 'Dani  Eko  P', '0', '0', 3, '0'),
('D1.10.11', 'Nurcahyo', '0', '0', 1, '0'),
('D1.12', 'Suryoto', '0', '0', 1, '0'),
('D1.12A', 'Arima B', '0', '0', 1, '0'),
('D1.14', 'fx sudarsono', '0', '0', 1, '0'),
('D1.15.16', 'Harry Candra', '0', '0', 1, '0'),
('D1.17', 'Satria Sudadi', '0', '0', 1, '0'),
('D1.18', 'Rika Kuswulandari', '0', '0', 1, '0'),
('D1.19', 'Yuriva', '0', '0', 1, '0'),
('D1.2', 'Bambang Sutrisno', '0', '0', 1, '0'),
('D1.20', 'Benny H', '0', '0', 1, '0'),
('D1.3', 'Muntaz Ahnaf', '0', '0', 1, '0'),
('D1.4', 'El Lucky', '0', '0', 1, '0'),
('D1.5', 'Pungky', '0', '0', 1, '0'),
('D1.6', 'GURUH', '0', '0', 1, '0'),
('D1.7', 'Widi Setiawan', '0', '0', 1, '0'),
('D1.8', 'Permata mega', '0', '0', 1, '0'),
('D1.9', 'Sutrisno', '0', '0', 1, '0'),
('D2 24 ', 'Lilis', '0', '0', 1, '0'),
('D2.1', 'Agus', '0', '0', 1, '0'),
('D2.10', 'Sugiyarto', '0', '0', 1, '0'),
('D2.11', 'Winda ', '0', '0', 3, '0'),
('D2.12', 'Anatasya ', '0', '0', 3, '0'),
('D2.12A', 'Arina Y', '0', '0', 1, '0'),
('D2.14', 'Adi Setiono', '0', '0', 1, '0'),
('D2.15', 'Ita Rahayuniwati', '0', '0', 3, '0'),
('D2.16', 'Aminah Hanum', '0', '0', 3, '0'),
('D2.17', 'Roni Efrianto', '0', '0', 1, '0'),
('D2.18', 'Roni Efrianto', '0', '0', 1, '0'),
('D2.19', 'Leonardo', '0', '0', 1, '0'),
('D2.2', 'S.Yulianti', '0', '0', 1, '0'),
('D2.20', 'Handoko', '0', '0', 1, '0'),
('D2.21.22', 'Tony WK', '0', '0', 1, '0'),
('D2.23', 'Tony WK', '0', '0', 2, '0'),
('D2.27', 'Wiji Semianto', '0', '0', 3, '0'),
('D2.28', 'Lisa Tri W.', '0', '0', 5, '0'),
('D2.29', 'Kusuma Dewi ', '0', '0', 3, '0'),
('D2.30', 'Leonardo RK', '0', '0', 1, '0'),
('D2.31', 'Hidayatur Rokhman', '0', '0', 1, '0'),
('D2.32', 'Tri Retno', '0', '0', 1, '0'),
('D2.3A', 'Sony Dwi E', '0', '0', 1, '0'),
('D2.3B', 'Aris Susanto', '0', '0', 1, '0'),
('D2.5', 'Syafriandi', '0', '0', 3, '0'),
('D2.6', 'Sugiarto', '0', '0', 1, '0'),
('D2.9', 'Iwan', '0', '0', 3, '0'),
('D3.1', 'Didik', '0', '0', 3, '0'),
('D3.10', 'Abdul Halim', '0', '0', 3, '0'),
('D3.11', 'Dewi', '0', '0', 1, '0'),
('D3.12A', 'Anggian', '0', '0', 1, '0'),
('D3.12B', 'Dian veronika', '0', '0', 1, '0'),
('D3.14', 'Aditya Lukman', '0', '0', 1, '0'),
('D3.15', 'Jajar Wiguna', '0', '0', 1, '0'),
('D3.16', 'Julisa Ramadhan', '0', '0', 1, '0'),
('D3.17', 'Dr.Bayu Widjasena ', '0', '0', 5, '0'),
('D3.18', 'Sapta Suprihanto', '0', '0', 1, '0'),
('D3.19', 'AGUS', '0', '0', 1, '0'),
('D3.2', 'Dewi', '0', '0', 3, '0'),
('D3.20', 'Bayusatya W', '0', '0', 1, '0'),
('D3.21', 'Yanuar AdiSurya', '0', '0', 1, '0'),
('D3.22', 'Putut', '0', '0', 3, '0'),
('D3.23', 'Kontrakan', '0', '0', 3, '0'),
('D3.24', 'Kos Kinanti', '0', '0', 3, '0'),
('D3.25', 'Masmian Mahida', '0', '0', 1, '0'),
('D3.26', 'Dian yulianti', '0', '0', 3, '0'),
('D3.27', 'Ita Pujiastuti', '0', '0', 1, '0'),
('D3.28.29', 'Hirawati', '0', '0', 1, '0'),
('D3.30', 'Iwan', '0', '0', 5, '0'),
('D3.31', 'Siti Latifah', '0', '0', 1, '0'),
('D3.3A', 'Ariyanto', '0', '0', 1, '0'),
('D3.5', 'Sofwan', '0', '0', 1, '0'),
('D3.6', 'Hendri', '0', '0', 5, '0'),
('D3.7', 'Mila', '0', '0', 1, '0'),
('D3.8', 'Lina', '0', '0', 1, '0'),
('D3.9', 'DIAN', '0', '0', 3, '0'),
('D4.11', 'Fandi', '0', '0', 1, '0'),
('D4.12', 'HERU', '0', '0', 1, '0'),
('D4.13', 'RAULI MANALU', '0', '0', 1, '0'),
('D4.15', 'SILFIA', '0', '0', 4, '0'),
('D4.16', 'SUSILO RAHARJO', '0', '0', 1, '0'),
('D4.17', 'RANGGA MUDA P', '0', '0', 1, '0'),
('D4.18', 'JULI SETIO UTOMO', '0', '0', 1, '0'),
('D4.19', 'RUDI OKTAVIAN', '0', '0', 5, '0'),
('D4.2', 'Prayetno', '0', '0', 1, '0'),
('D4.20', 'Kusmiyati', '0', '0', 1, '0'),
('D4.21', 'HIDAYATUR ROHMAN', '0', '0', 3, '0'),
('D4.22', 'ARIF WAHYUDI', '0', '0', 1, '0'),
('D4.23', 'ADI WINARKO', '0', '0', 3, '0'),
('D4.24', 'Ratna Widyaningsih', '0', '0', 3, '0'),
('D4.25', 'RONNY ARYAWAN', '0', '0', 1, '0'),
('D4.26', 'Made Oka A', '0', '0', 1, '0'),
('D4.27', 'Edi Bawono', '0', '0', 1, '0'),
('D4.28', 'DARMAWAN ADI S', '0', '0', 1, '0'),
('D4.29', 'Nabit', '0', '0', 3, '0'),
('D4.3', 'UMARYATI/TUGIWAN', '0', '0', 1, '0'),
('D4.30', 'Wahyu Priyambodo', '0', '0', 3, '0'),
('D4.31', 'DR H.MUZWAR ANWAR', '0', '0', 1, '0'),
('D4.4', 'YOHANNES HARYANTO', '0', '0', 1, '0'),
('D4.5', 'Kristiyanti', '0', '0', 1, '0'),
('D4.6', 'Misbakhud zolam', '0', '0', 1, '0'),
('D4.9', 'EVI', '0', '0', 1, '0'),
('E.1', 'Adi Wibowo', '0', '0', 1, '0'),
('E.10', 'Sri roso', '0', '0', 3, '0'),
('E.11', 'Sony S.', '0', '0', 3, '0'),
('E.12A', 'Marmini', '0', '0', 5, '0'),
('E.12B', 'Sony Santoso', '0', '0', 1, '0'),
('E.14', 'Sony Santoso', '0', '0', 1, '0'),
('E.16', 'Edi Drajat', '0', '0', 3, '0'),
('E.17', 'Guntur Septiarso', '0', '0', 1, '0'),
('E.18', 'Ina Nurul K.', '0', '0', 3, '0'),
('E.19', 'Wachid Sofwan', '0', '0', 1, '0'),
('E.2', 'Panjang Frengki', '0', '0', 1, '0'),
('E.21', 'Arista murty', '0', '0', 1, '0'),
('E.22', 'suprayugo', '0', '0', 3, '0'),
('E.23', 'Puji Tri Hartanto', '0', '0', 1, '0'),
('E.24', 'EDY AW', '0', '0', 1, '0'),
('E.25', 'Andi F.A', '0', '0', 1, '0'),
('E.26', 'Sapta', '0', '0', 1, '0'),
('E.3A', 'Imam Aji', '0', '0', 1, '0'),
('E.3B', 'Reza Adityo', '0', '0', 1, '0'),
('E.5A', 'Yudyasworo', '0', '0', 1, '0'),
('E.5B', 'Yeny Susilowati', '0', '0', 1, '0'),
('E.6', 'Tatik Hartiningsih', '0', '0', 1, '0'),
('E.7A', 'Untung ', '0', '0', 1, '0'),
('E.7B', 'Yulandia', '0', '0', 3, '0'),
('E.8', 'Ragil', '0', '0', 1, '0'),
('E.9A', 'Catur Arief hidayat', '0', '0', 1, '0'),
('E.9B', 'Taufik', '0', '0', 3, '0'),
('E.9C', 'Abdul Gofur', '0', '0', 5, '0'),
('F.10', 'Aldo', '0', '0', 1, '0'),
('F.11', 'Ahmad', '0', '0', 1, '0'),
('F.12A', 'Teguh ', '0', '0', 1, '0'),
('F.12B', 'Danny', '0', '0', 3, '0'),
('F.14', 'Rian', '0', '0', 1, '0'),
('F.15', '-', '0', '0', 5, '0'),
('F.2', 'Supriyatin', '0', '0', 1, '0'),
('F.3A', 'Woro Ayuni', '0', '0', 1, '0'),
('F.3B', 'Harnoto', '0', '0', 3, '0'),
('F.5', 'Sunarmi', '0', '0', 3, '0'),
('F.6', 'Kristiawan', '0', '0', 1, '0'),
('F.7', 'JANUAR ARIF F', '0', '0', 1, '0'),
('F.8', 'MUHZIN', '0', '0', 3, '0'),
('F.9', 'MUTHIA SYIFA F', '0', '0', 1, '0'),
('G.1', 'Perum Ditya Grha', '0', '0', 6, '0'),
('G.2', 'Rumah Pak Leon', '0', '0', 7, '0'),
('G.3', 'Rumah Pak Rizal', '0', '0', 7, '0');

-- --------------------------------------------------------

--
-- Struktur dari tabel `status`
--

CREATE TABLE `status` (
  `idstatus` int(11) NOT NULL,
  `namastatus` varchar(45) DEFAULT NULL
) ENGINE=InnoDB DEFAULT CHARSET=utf8;

--
-- Dumping data untuk tabel `status`
--

INSERT INTO `status` (`idstatus`, `namastatus`) VALUES
(1, 'WARGA'),
(2, 'WARGA2'),
(3, 'KONTRAK'),
(4, 'KOS'),
(5, 'KOSONG'),
(6, 'ISTIMEWA1'),
(7, 'ISTIMEWA2');

-- --------------------------------------------------------

--
-- Struktur dari tabel `tarif_air`
--

CREATE TABLE `tarif_air` (
  `idtarifair` int(11) NOT NULL,
  `status` int(11) DEFAULT NULL,
  `tgl_mulai` date DEFAULT NULL,
  `tarif_awal` int(11) DEFAULT NULL,
  `tarif_lebih` int(11) DEFAULT NULL
) ENGINE=InnoDB DEFAULT CHARSET=utf8;

--
-- Dumping data untuk tabel `tarif_air`
--

INSERT INTO `tarif_air` (`idtarifair`, `status`, `tgl_mulai`, `tarif_awal`, `tarif_lebih`) VALUES
(1, 1, '2021-01-01', 18500, 2000),
(2, 2, '2021-01-01', 18500, 2000),
(3, 3, '2021-01-01', 18500, 2500),
(4, 4, '2021-01-01', 20000, 2500),
(5, 5, '2021-01-01', 18500, 1000),
(6, 6, '2021-01-01', 0, 0),
(7, 7, '2021-01-01', 18500, 2000),
(8, 1, '2022-06-15', 20000, 3000),
(9, 2, '2022-06-15', 20000, 3000),
(10, 3, '2022-06-15', 20000, 3500),
(11, 4, '2022-06-15', 22500, 3500),
(12, 5, '2022-06-15', 20000, 2000),
(13, 6, '2022-06-15', 0, 0),
(14, 7, '2022-06-15', 20000, 3000);

-- --------------------------------------------------------

--
-- Struktur dari tabel `tarif_iuran`
--

CREATE TABLE `tarif_iuran` (
  `idtarifiuran` int(11) NOT NULL,
  `tgl_mulai` date DEFAULT NULL,
  `tarif_sampah` int(11) DEFAULT NULL,
  `tarif_keamanan` int(11) DEFAULT NULL,
  `tarif_kebersihan` int(11) DEFAULT NULL,
  `tarif_rw` int(11) DEFAULT NULL,
  `tarif_kt` int(11) DEFAULT NULL,
  `tarif_mertideso` int(11) DEFAULT NULL
) ENGINE=InnoDB DEFAULT CHARSET=utf8;

--
-- Dumping data untuk tabel `tarif_iuran`
--

INSERT INTO `tarif_iuran` (`idtarifiuran`, `tgl_mulai`, `tarif_sampah`, `tarif_keamanan`, `tarif_kebersihan`, `tarif_rw`, `tarif_kt`, `tarif_mertideso`) VALUES
(1, '2021-01-01', 22500, 50000, 22500, 3000, 2000, 5000),
(2, '2022-01-31', 25000, 55000, 25000, 3500, 2500, 5500),
(3, '2023-07-06', 26000, 55500, 25500, 4000, 3000, 6000);

--
-- Indexes for dumped tables
--

--
-- Indeks untuk tabel `bulan`
--
ALTER TABLE `bulan`
  ADD PRIMARY KEY (`idbulan`);

--
-- Indeks untuk tabel `kuitansi`
--
ALTER TABLE `kuitansi`
  ADD PRIMARY KEY (`idkuitansi`) USING BTREE,
  ADD KEY `FK_kwitansi_rumah` (`idrumah`) USING BTREE,
  ADD KEY `FK_tagihan_air` (`idtarif_air`) USING BTREE,
  ADD KEY `FK_kuitansi_bulan` (`bulan`) USING BTREE,
  ADD KEY `FK4_tarif_iuran` (`idtarif_iuran`);

--
-- Indeks untuk tabel `meteran`
--
ALTER TABLE `meteran`
  ADD PRIMARY KEY (`idmeteran`),
  ADD KEY `FK_meteran_bulan` (`bulan`),
  ADD KEY `FK_meteran_rumah` (`idrumah`);

--
-- Indeks untuk tabel `rumah`
--
ALTER TABLE `rumah`
  ADD PRIMARY KEY (`idrumah`),
  ADD KEY `FK_rumah_status` (`status`);

--
-- Indeks untuk tabel `status`
--
ALTER TABLE `status`
  ADD PRIMARY KEY (`idstatus`);

--
-- Indeks untuk tabel `tarif_air`
--
ALTER TABLE `tarif_air`
  ADD PRIMARY KEY (`idtarifair`),
  ADD KEY `FK_tarifair_status` (`status`);

--
-- Indeks untuk tabel `tarif_iuran`
--
ALTER TABLE `tarif_iuran`
  ADD PRIMARY KEY (`idtarifiuran`) USING BTREE;

--
-- AUTO_INCREMENT untuk tabel yang dibuang
--

--
-- AUTO_INCREMENT untuk tabel `bulan`
--
ALTER TABLE `bulan`
  MODIFY `idbulan` tinyint(4) NOT NULL AUTO_INCREMENT, AUTO_INCREMENT=13;

--
-- AUTO_INCREMENT untuk tabel `meteran`
--
ALTER TABLE `meteran`
  MODIFY `idmeteran` int(11) NOT NULL AUTO_INCREMENT, AUTO_INCREMENT=13627;

--
-- AUTO_INCREMENT untuk tabel `status`
--
ALTER TABLE `status`
  MODIFY `idstatus` int(11) NOT NULL AUTO_INCREMENT, AUTO_INCREMENT=8;

--
-- AUTO_INCREMENT untuk tabel `tarif_air`
--
ALTER TABLE `tarif_air`
  MODIFY `idtarifair` int(11) NOT NULL AUTO_INCREMENT, AUTO_INCREMENT=63;

--
-- AUTO_INCREMENT untuk tabel `tarif_iuran`
--
ALTER TABLE `tarif_iuran`
  MODIFY `idtarifiuran` int(11) NOT NULL AUTO_INCREMENT, AUTO_INCREMENT=4;

--
-- Ketidakleluasaan untuk tabel pelimpahan (Dumped Tables)
--

--
-- Ketidakleluasaan untuk tabel `kuitansi`
--
ALTER TABLE `kuitansi`
  ADD CONSTRAINT `FK4_tarif_iuran` FOREIGN KEY (`idtarif_iuran`) REFERENCES `tarif_iuran` (`idtarifiuran`) ON DELETE NO ACTION ON UPDATE NO ACTION,
  ADD CONSTRAINT `kuitansi_ibfk_1` FOREIGN KEY (`bulan`) REFERENCES `bulan` (`idbulan`) ON DELETE NO ACTION ON UPDATE NO ACTION,
  ADD CONSTRAINT `kuitansi_ibfk_2` FOREIGN KEY (`idrumah`) REFERENCES `rumah` (`idrumah`) ON DELETE NO ACTION ON UPDATE NO ACTION,
  ADD CONSTRAINT `kuitansi_ibfk_3` FOREIGN KEY (`idtarif_air`) REFERENCES `tarif_air` (`idtarifair`) ON DELETE NO ACTION ON UPDATE NO ACTION;

--
-- Ketidakleluasaan untuk tabel `meteran`
--
ALTER TABLE `meteran`
  ADD CONSTRAINT `FK_meteran_bulan` FOREIGN KEY (`bulan`) REFERENCES `bulan` (`idbulan`) ON DELETE NO ACTION ON UPDATE NO ACTION,
  ADD CONSTRAINT `FK_meteran_rumah` FOREIGN KEY (`idrumah`) REFERENCES `rumah` (`idrumah`) ON DELETE NO ACTION ON UPDATE NO ACTION;

--
-- Ketidakleluasaan untuk tabel `rumah`
--
ALTER TABLE `rumah`
  ADD CONSTRAINT `FK_rumah_status` FOREIGN KEY (`status`) REFERENCES `status` (`idstatus`) ON DELETE NO ACTION ON UPDATE NO ACTION;

--
-- Ketidakleluasaan untuk tabel `tarif_air`
--
ALTER TABLE `tarif_air`
  ADD CONSTRAINT `FK_tarifair_status` FOREIGN KEY (`status`) REFERENCES `status` (`idstatus`) ON DELETE NO ACTION ON UPDATE NO ACTION;
COMMIT;

/*!40101 SET CHARACTER_SET_CLIENT=@OLD_CHARACTER_SET_CLIENT */;
/*!40101 SET CHARACTER_SET_RESULTS=@OLD_CHARACTER_SET_RESULTS */;
/*!40101 SET COLLATION_CONNECTION=@OLD_COLLATION_CONNECTION */;
